ID_encrypt,Start_Date,End_Date,Do_you_plan_to_study_in_the_Academic_Program_next_session_,4_Day_Test_Prep,1st_choice_elective_MW,2ndchoice_elective_MW,1st_choice_elective_TTH,2ndchoice_elective_TTH,Quarter
0x019BF7CCC5158C7C61C1DA18D2F02F2D79460C216CE4FD456F59E3B49F3CD7BE47553830BA5CB32B6B92629641008DA7C1D3E60ED8F5AFEC6C87EB59508DA2AE5C,9/27/2017 21:52,9/27/2017 22:38,"YES, I have submitted my intent to register online and paid for the next Academic Program.",I DO NOT want 4-day Test Preparation. I want one Monday/Wednesday elective and one Tuesday/Thursday elective.,English Through Movies,Business English,Current Events,American Idioms and Slang,AIEP_Fall_2017_1st_Half_Elective_Preferences_Advanced
0x01568ADCCFA33C54AB11F738C5005E05BBCF0010039A04FF099AFAA7D67A4EBF00065F913234777376115D5CA52B167AB86DD37D2D03E6F564204C1D3998F3E1C1,9/26/2017 2:17,9/26/2017 2:17,"NO, I do not plan to study in the Academic Program next session.",NULL,NULL,NULL,NULL,NULL,AIEP_Fall_2017_1st_Half_Elective_Preferences_Advanced
0x0172DA8BE7E77C07B0ADE7AFA065C3ABB6BDA4C3025A8C306EEE9606615410E84E6FAEDECBD01F80639153AB5F22EC168721C1416E84AAE0BB2FE6FF141331599E,9/23/2017 16:30,9/23/2017 16:32,"YES, I have submitted my intent to register online and paid for the next Academic Program.",I DO NOT want 4-day Test Preparation. I want one Monday/Wednesday elective and one Tuesday/Thursday elective.,Active Listening and Speaking,College Workshop,American Idioms and Slang,Word Play (Academic Vocabulary Development),AIEP_Fall_2017_1st_Half_Elective_Preferences_Advanced
0x018D3E0300806BCFE4EFD3F4E1D265C83A09E6E32D184B33FF9A1313CE15CEFE66B31352B7E25691A9B08DC73BFA5730F24EEE9F40451BCE3AE6F2C7F777734538,9/23/2017 12:56,9/23/2017 12:57,"NO, I do not plan to study in the Academic Program next session.",NULL,NULL,NULL,NULL,NULL,AIEP_Fall_2017_1st_Half_Elective_Preferences_Advanced
0x01DBC64DA006422F97A525DDC3416A48259415FEBC86602989CF27D15660401565397FC6FE222F23D77AB06B5E3C0358C81BFC8D962D92C829BD642EF9229D3015,9/23/2017 12:06,9/23/2017 12:06,"NO, I do not plan to study in the Academic Program next session.",NULL,NULL,NULL,NULL,NULL,AIEP_Fall_2017_1st_Half_Elective_Preferences_Advanced
0x01EDA24E08D60ACC9F47AF2A4FEC5B5D3E5944DD9768B953F5508E82D014004C2D8FFAA15CD320C8A2A3263EAA4A99AEBDA90089A24D80E81D11883732F69C6620,9/23/2017 12:01,9/23/2017 12:01,"NO, I do not plan to study in the Academic Program next session.",NULL,NULL,NULL,NULL,NULL,AIEP_Fall_2017_1st_Half_Elective_Preferences_Advanced
0x010E5D6F1868D31612461B7DC1CC9ECE1743DAC34844088EDC3176026CB20C78ED4BCC6D807F4F506F29874234B8D1B12BC17C648270E6DF4260534DC04AC7ADBE,9/22/2017 22:02,9/22/2017 22:02,"NO, I do not plan to study in the Academic Program next session.",NULL,NULL,NULL,NULL,NULL,AIEP_Fall_2017_1st_Half_Elective_Preferences_Advanced
0x017CA4839926CA5FB462A7D27B8561685A7A43B9B786BCD92941A489FB4C22E0C2FE393F6BD82BFA02D44ABCBB39976AEEAF29EA65BFA58F51AAC77CE38BBB5886,9/22/2017 9:45,9/22/2017 11:33,"YES, I have submitted my intent to register online and paid for the next Academic Program.","I want 4-dayIELTS Test Preparation(Monday, Tuesday, Wednesday, Thursday)",NULL,NULL,NULL,NULL,AIEP_Fall_2017_1st_Half_Elective_Preferences_Advanced
0x01A9302B51E58C8BCAEF2122FA0D94AD9288418054959A2615EEC73041D81AB8107FBC20FA0C6CAEB6830D73DBA131565E27B9573B390B816EAABEEF59E7BFEECD,9/21/2017 16:41,9/29/2017 15:51,"YES, I have submitted my intent to register online and paid for the next Academic Program.","I want 4-dayIELTS Test Preparation(Monday, Tuesday, Wednesday, Thursday)",NULL,NULL,NULL,NULL,AIEP_Fall_2017_1st_Half_Elective_Preferences_Advanced
0x01B8921443017BC279B605ED1413D9C50335E7C73D8AEEC9E671F80CB2B3FD9D6CE81914F4C69040A25E48EDBBF37FE785E18EB68EAD70E3E6E6E6EFC0D8F1659F,9/21/2017 14:44,9/21/2017 14:47,"YES, I have submitted my intent to register online and paid for the next Academic Program.",I DO NOT want 4-day Test Preparation. I want one Monday/Wednesday elective and one Tuesday/Thursday elective.,English Through Movies,Business English,American Pronunciation,Word Play (Academic Vocabulary Development),AIEP_Fall_2017_1st_Half_Elective_Preferences_Advanced
0x01D408B384A6E97734397E6B72A0CC7733BE82A4EF7122B9984CE4AC4661E2FC1F8D4022B048543FB7924A0AA9AEF046ADD60A296DAE440B51FABE9E1BE4A83BAC,9/20/2017 21:56,9/26/2017 23:21,"NO, I do not plan to study in the Academic Program next session.",NULL,NULL,NULL,NULL,NULL,AIEP_Fall_2017_1st_Half_Elective_Preferences_Advanced
0x0128F46E73B402B819864E46DC5E418BBF3EB03DA04E7B152CEADDDC148486C01AF2EB84A7EAF017E74418FE344A4B15338D6E0083CEB1D6B9C7E39D569760D4A4,9/20/2017 20:58,9/20/2017 20:58,"NO, I do not plan to study in the Academic Program next session.",NULL,NULL,NULL,NULL,NULL,AIEP_Fall_2017_1st_Half_Elective_Preferences_Advanced
0x010AA3CF522A0160EE63D2CB772A436A36F0A59854C803A7E6DA495C980487DC375146976C731AA90DB8142FBDFCA51BF048475090D48B8478C1137F3EA75D14D8,9/20/2017 17:45,9/20/2017 17:45,"YES, I have submitted my intent to register online and paid for the next Academic Program.","I want 4-dayIELTS Test Preparation(Monday, Tuesday, Wednesday, Thursday)",NULL,NULL,NULL,NULL,AIEP_Fall_2017_1st_Half_Elective_Preferences_Advanced
0x0168F679370D59B372535C7C76E544D95C1FDE53E2FE22213376AD333B090615B69A9D9C30AEA058A6D0CD3136465259120A4107878E38A4975463C96B6BC18D97,9/20/2017 16:03,9/20/2017 16:04,"NO, I do not plan to study in the Academic Program next session.",NULL,NULL,NULL,NULL,NULL,AIEP_Fall_2017_1st_Half_Elective_Preferences_Advanced
0x016F5229FC964EC8E11E329F2FDF59C37BDC6D95947606F8286DBD8C93A3B16F09BFBC5737A18A5C16E6C78A3AA5DE413740D2DC1B383A2AEFDF8BA124D26BFC15,9/20/2017 16:01,9/20/2017 16:01,"NO, I do not plan to study in the Academic Program next session.",NULL,NULL,NULL,NULL,NULL,AIEP_Fall_2017_1st_Half_Elective_Preferences_Advanced
0x0113A7F9C48771D1BFA16C25DC9AAA9B51880A96A48DC0F2BE588987C45F4E603B6320008F50A63025FDD5B302200D0EF90111F4182EE65DB463B9D1887598C6AC,9/20/2017 15:42,9/20/2017 15:43,"NO, I do not plan to study in the Academic Program next session.",NULL,NULL,NULL,NULL,NULL,AIEP_Fall_2017_1st_Half_Elective_Preferences_Advanced
0x01D9E73271BF694697CD03824FC3F22260000FCA16D2983E640491C2D36DCB8F1AB89650FF8B6DC7006522E8FBA5D6264DCC0A699B180C3C34339C806DA677FFE4,9/20/2017 15:17,9/20/2017 15:17,"NO, I do not plan to study in the Academic Program next session.",NULL,NULL,NULL,NULL,NULL,AIEP_Fall_2017_1st_Half_Elective_Preferences_Advanced
0x01C22A370BDB8490779E44412524A5D9CBBB8F9EE55CB7EAD5596F27ED3D70167F9ACB11CCBC94E41A14576CD3E9F59FFC22F4F8E149293E7C0F0ACF2BFE23A71E,9/20/2017 15:04,9/20/2017 15:05,"YES, I have submitted my intent to register online and paid for the next Academic Program.","I want 4-dayIELTS Test Preparation(Monday, Tuesday, Wednesday, Thursday)",NULL,NULL,NULL,NULL,AIEP_Fall_2017_1st_Half_Elective_Preferences_Advanced
0x01472B503300696E4AA44313B2811175734A198BEE25AF4B03D0F24A09525B1E301AB9622ED9635DB4289ED357B464D974A1D9F3280B1C9AFF56C23CBF42DEEA4F,9/20/2017 14:32,9/20/2017 14:32,"YES, I have submitted my intent to register online and paid for the next Academic Program.",I DO NOT want 4-day Test Preparation. I want one Monday/Wednesday elective and one Tuesday/Thursday elective.,NULL,NULL,NULL,NULL,AIEP_Fall_2017_1st_Half_Elective_Preferences_Advanced
0x01557D3A0451AA6D1B1C81AC9564BE4BF3E739AC216C66BDC2A62B207788FBDAC664ADB4A4E0A94322B03D4B08BA82C07F67A7E821C362EAA60B14712F0249EE66,9/20/2017 14:10,9/20/2017 14:10,"NO, I do not plan to study in the Academic Program next session.",NULL,NULL,NULL,NULL,NULL,AIEP_Fall_2017_1st_Half_Elective_Preferences_Advanced
0x019E93A13FC0E277F0CC6E0C9240B2C855C78465160DD9663C64B1EC65F2C1B921C94CD02E2B765A99A0DECA98602C1BC9C5EC715C158E5198EDA3BFF4E8D07C35,9/20/2017 12:02,9/20/2017 12:02,"NO, I do not plan to study in the Academic Program next session.",NULL,NULL,NULL,NULL,NULL,AIEP_Fall_2017_1st_Half_Elective_Preferences_Advanced
0x01DA9D8D319331B293C63C7BB75D937826DB516C0BB5E671D5A68784D77E74FF37CC32BAC6DC7869202354D23CCC2582309453D3978A288A32789DDCBB5A66A2F2,9/19/2017 17:53,9/19/2017 17:53,"NO, I do not plan to study in the Academic Program next session.",NULL,NULL,NULL,NULL,NULL,AIEP_Fall_2017_1st_Half_Elective_Preferences_Advanced
0x0190B473062E0893D255E180D28C7B14E099CCE04970D373744BC9225619869F71A7DB69BB9692C301180604EA97CDF67E088F2A32B6D775D27F5486AF7C98859D,9/19/2017 16:44,9/19/2017 16:45,"NO, I do not plan to study in the Academic Program next session.",NULL,NULL,NULL,NULL,NULL,AIEP_Fall_2017_1st_Half_Elective_Preferences_Advanced
0x012CD0D9CC1131486C3F9E015AF02846E2340FF97027587044A4553A42628D3476B8F13C345FDF1AE5440AFC2B20E018D7BB8A7FE228FCFD81094C32DFDA442007,9/19/2017 16:02,9/19/2017 16:03,"NO, I do not plan to study in the Academic Program next session.",NULL,NULL,NULL,NULL,NULL,AIEP_Fall_2017_1st_Half_Elective_Preferences_Advanced
0x010EFCDE2C1936A9A57A92CB602D05420D6309F6C1EB1AAF6222889B36E19B5F41CEB66D38FBA19864C40ECC6523F9182F4EA3E8F50F36955BFC008F59EA9112FA,9/19/2017 12:17,9/19/2017 12:18,"YES, I have submitted my intent to register online and paid for the next Academic Program.",I DO NOT want 4-day Test Preparation. I want one Monday/Wednesday elective and one Tuesday/Thursday elective.,NULL,NULL,NULL,NULL,AIEP_Fall_2017_1st_Half_Elective_Preferences_Advanced
0x01209FEC6BF023A93AF204C3E7FB0621B17DF91B5A69EB4A2166A6C4F7EB38A1EF09F3F48F1B622B7377FAF31FC62F2526652D5D018D5462C9B83DBDA6094CE1B4,9/19/2017 12:16,9/19/2017 12:46,"YES, I have submitted my intent to register online and paid for the next Academic Program.",I DO NOT want 4-day Test Preparation. I want one Monday/Wednesday elective and one Tuesday/Thursday elective.,College Workshop,College Workshop,104 IELTS Preparation,GRE Preparation,AIEP_Fall_2017_1st_Half_Elective_Preferences_Advanced
0x012F38CAC3E75303B734B3D887DBE7F28B73C0330420729E46745F73BBC67D2E9F1926A1AF9F5F84D6D0125718170AB9F0D68E5BBDA5E45CF64CCE440FA8698C3A,9/19/2017 12:02,9/19/2017 12:02,"YES, I have submitted my intent to register online and paid for the next Academic Program.",NULL,NULL,NULL,NULL,NULL,AIEP_Fall_2017_1st_Half_Elective_Preferences_Advanced
0x0188426C3487F56A45A0F4C42B09991880274EE061AEE606DBC4AF2A428EEFDEB91708AED152370384FC5F5ACC6C293F473240AF760F5DE4E47E9B1923361FCDE6,9/19/2017 11:59,9/19/2017 12:05,"YES, I have submitted my intent to register online and paid for the next Academic Program.",I DO NOT want 4-day Test Preparation. I want one Monday/Wednesday elective and one Tuesday/Thursday elective.,Active Listening and Speaking,Public Speaking,American Pronunciation,American Idioms and Slang,AIEP_Fall_2017_1st_Half_Elective_Preferences_Advanced
0x0144CA2A3560596F94F221FA25CD7C24EE553169247EA1C2982C8EE9552408CC91F69DE11ECAA1B56E52FEE7AE52CAF634AC98E334D10361A9B5D5A2BBA6FD81B8,9/19/2017 10:57,9/19/2017 10:57,"NO, I do not plan to study in the Academic Program next session.",NULL,NULL,NULL,NULL,NULL,AIEP_Fall_2017_1st_Half_Elective_Preferences_Advanced
0x01698A1B21B0AE8C2CAAE260E8053402BB388B7B47D3C15F9AC6B9AB736B449F24B498F6E42D93BC8E78D998FC3AC8FB3C6C7A0B9D47DB20EBA7702505B8AC3C0D,9/19/2017 10:50,9/19/2017 10:50,"NO, I do not plan to study in the Academic Program next session.",NULL,NULL,NULL,NULL,NULL,AIEP_Fall_2017_1st_Half_Elective_Preferences_Advanced
0x013A12DC881CBB8BDC605EDCAF5211ACE3D3B8B5CCB151576BB9E7DCBB0152CE618236729DB1CA14C025692CB7362566084ECCE152BA5471E3AC84C136DB142E5A,9/19/2017 0:24,9/19/2017 0:24,"YES, I have submitted my intent to register online and paid for the next Academic Program.",NULL,NULL,NULL,NULL,NULL,AIEP_Fall_2017_1st_Half_Elective_Preferences_Advanced
0x016211AAECA81925F654872BFC2D9A750F138605A5ABE27C877C31D6BBDE01FA48BA10418FBD0072099BFF20D8B02439E821B2163C187BCADC305EBDE30CB86260,9/18/2017 14:10,9/18/2017 14:10,"NO, I do not plan to study in the Academic Program next session.",NULL,NULL,NULL,NULL,NULL,AIEP_Fall_2017_1st_Half_Elective_Preferences_Advanced
0x0172BA6363BFC2FFAE2F910C8D7A71F53FCCA8CDF57C16FE3288D3E70FF3F8E3F73EB4854E76DAB1322B048B70E330EAFDC731465A16D3A8C094FBAB3CEF4AABA4,9/17/2017 21:39,9/17/2017 21:40,"YES, I have submitted my intent to register online and paid for the next Academic Program.","I want 4-day TOEFL Test Preparation (Monday, Tuesday, Wednesday, Thursday)",NULL,NULL,NULL,NULL,AIEP_Fall_2017_1st_Half_Elective_Preferences_Advanced
0x01436F285A814EBF62AAC2EEAFF83689EA30DB05AF3DB81EAA74CF19C3DE1629D3C10F7680E219069C70091DFA92A6C9ADB8D39E6667DB08D3D389485A7FD86B25,9/17/2017 14:02,9/17/2017 14:02,"YES, I have submitted my intent to register online and paid for the next Academic Program.","I want 4-dayIELTS Test Preparation(Monday, Tuesday, Wednesday, Thursday)",NULL,NULL,NULL,NULL,AIEP_Fall_2017_1st_Half_Elective_Preferences_Advanced
0x01DD004F43D917516CD811D7D40BF8B6537F9294C5F58B8B2F538F38CE87A1F11BD4DB4E9DE09E2770515DCDC010CF2671E3FB6E00507639E11A6147E1E7481D17,9/16/2017 17:00,9/16/2017 17:03,"YES, I have submitted my intent to register online and paid for the next Academic Program.","I want 4-dayIELTS Test Preparation(Monday, Tuesday, Wednesday, Thursday)",NULL,NULL,NULL,NULL,AIEP_Fall_2017_1st_Half_Elective_Preferences_Advanced
0x01B973942B5962A3F62B7119B80F6340F60BB7508FF4A340B34DB054BB1273289A035011CF5E2E7D31AC5EB8DF9C4415D557A527E1681510D66415B62737E33745,9/16/2017 16:10,9/16/2017 16:10,"NO, I do not plan to study in the Academic Program next session.",NULL,NULL,NULL,NULL,NULL,AIEP_Fall_2017_1st_Half_Elective_Preferences_Advanced
0x016CEB43D2C89A1440FF1892D5553A350E02B8204CAD53A4DB812E7E7221AB145517298EEFA48DDD774FA1F66F58C75EE09D8C16D78DB19CCBB008159929454293,9/16/2017 12:13,9/26/2017 8:18,"YES, I have submitted my intent to register online and paid for the next Academic Program.",I DO NOT want 4-day Test Preparation. I want one Monday/Wednesday elective and one Tuesday/Thursday elective.,Public Speaking,Public Speaking,104 IELTS Preparation,104 IELTS Preparation,AIEP_Fall_2017_1st_Half_Elective_Preferences_Advanced
0x01EEA3B8395B1151F566CFA590660F4482A44E1A5A696510A60C0ADB4788E3DDD8178FF7A83EF961A4564BEE38695DE096B87644E26EBB56A790D7EC8081759CB3,9/16/2017 9:57,9/16/2017 9:57,"NO, I do not plan to study in the Academic Program next session.",NULL,NULL,NULL,NULL,NULL,AIEP_Fall_2017_1st_Half_Elective_Preferences_Advanced
0x0124DD20A805E31126F1387A93F29CF66C19B3AB67DE1E3D4072D9191B821A3CECD46825E830D0C76A7F8F83F4ECA1C6CD0332E9CFD15FB66E0C1A3DCD66521B73,9/15/2017 23:54,9/15/2017 23:54,"NO, I do not plan to study in the Academic Program next session.",NULL,NULL,NULL,NULL,NULL,AIEP_Fall_2017_1st_Half_Elective_Preferences_Advanced
0x01773C8E981DCAC2187D0BD7DF73E86FAFCECE91B0B5D82B3854E42D2D40F3B32F7A925DE47A22A57DD527BB0C7841DE85260C738ABDB20F0E9F4D08A076E0BB75,9/15/2017 23:52,9/15/2017 23:53,"YES, I have submitted my intent to register online and paid for the next Academic Program.","I want 4-day TOEFL Test Preparation (Monday, Tuesday, Wednesday, Thursday)",NULL,NULL,NULL,NULL,AIEP_Fall_2017_1st_Half_Elective_Preferences_Advanced
0x016F06D33007056533B99AB7CC33983FF75E4E6F25CEE8979E7B996DA7CB24B24D6F92D2E4A79E63D2BCC2D6742B1B16E4729A2CCE6D3676AF48EA08CF0446BD12,9/15/2017 21:21,9/15/2017 21:24,"YES, I have submitted my intent to register online and paid for the next Academic Program.",I DO NOT want 4-day Test Preparation. I want one Monday/Wednesday elective and one Tuesday/Thursday elective.,College Workshop,Business English,American Pronunciation,Word Play (Academic Vocabulary Development),AIEP_Fall_2017_1st_Half_Elective_Preferences_Advanced
0x01B1547073B1424BB44F147333B9E59FE23A691793F2F4C468F71E832FA4DA03FCB07B95587D9AA4B1196DC2FDE484410093BA6C3BF2A1185E9BCB4F1F8C22AD88,9/15/2017 21:08,9/15/2017 21:08,"YES, I have submitted my intent to register online and paid for the next Academic Program.",NULL,NULL,NULL,NULL,NULL,AIEP_Fall_2017_1st_Half_Elective_Preferences_Advanced
0x0156D3189C5E806DD7E70E23BB6A4D18004D86FE8CDC54FC255CF06E0D8D2DB917B96866A6E26EE92F27AF46F1DA60162014113372FDCFA5F7339619E251E801B9,9/15/2017 19:29,9/15/2017 19:34,"YES, I have submitted my intent to register online and paid for the next Academic Program.",I DO NOT want 4-day Test Preparation. I want one Monday/Wednesday elective and one Tuesday/Thursday elective.,Public Speaking,Business English,American Pronunciation,Current Events,AIEP_Fall_2017_1st_Half_Elective_Preferences_Advanced
0x01E4DBCD022A3ECF317C81CF4224A3181A160CE3C56B36539DED6F262DF341714D87755EB0F221983972BB5959F02BF1BBAD3F5779EBB7CBAF1817D9A2DB4D6220,9/15/2017 18:17,9/15/2017 18:17,"NO, I do not plan to study in the Academic Program next session.",NULL,NULL,NULL,NULL,NULL,AIEP_Fall_2017_1st_Half_Elective_Preferences_Advanced
0x01B6D48896F670A49038263D6742BFD75EA675116F59D92106668C5E2D371774F09AC48D7653A5D8D702AAC5DB372B7579C304D149D79E60B1701FE434936B370A,9/15/2017 17:52,9/15/2017 18:16,"YES, I have submitted my intent to register online and paid for the next Academic Program.",I DO NOT want 4-day Test Preparation. I want one Monday/Wednesday elective and one Tuesday/Thursday elective.,Business English,Business English,104 IELTS Preparation,Word Play (Academic Vocabulary Development),AIEP_Fall_2017_1st_Half_Elective_Preferences_Advanced
0x018CD831C9DD09C485FB45A88F43CFA218EC0A4DC5F61E7626EB3B40DDD1911E2A5FFD7C0D61FFF870095A7431EEE562EC2C66C29E65542E93A501FE29C4C1877E,9/15/2017 17:37,9/15/2017 17:42,"YES, I have submitted my intent to register online and paid for the next Academic Program.",I DO NOT want 4-day Test Preparation. I want one Monday/Wednesday elective and one Tuesday/Thursday elective.,College Workshop,Public Speaking,104 IELTS Preparation,Current Events,AIEP_Fall_2017_1st_Half_Elective_Preferences_Advanced
0x014CA7191821FADA1B2F7B240CF7971FF6B122882CEE2016FE4F624E713CE2A6BE5487C316C2785110B6BEA7D7B706A6BE576452F1CD031759922792C37694188C,9/15/2017 17:29,9/15/2017 17:29,"NO, I do not plan to study in the Academic Program next session.",NULL,NULL,NULL,NULL,NULL,AIEP_Fall_2017_1st_Half_Elective_Preferences_Advanced
0x01283D91E83998B4DEF0C4192BBA64E21F3D8B9EA80D5FD06B1D1AFDAAF025F875D722383DE97F9309018FD1CC96AABBE000B91ED87E01A4ACF4887A2CCB3E02A0,9/15/2017 17:18,9/15/2017 17:19,"YES, I have submitted my intent to register online and paid for the next Academic Program.",I DO NOT want 4-day Test Preparation. I want one Monday/Wednesday elective and one Tuesday/Thursday elective.,Public Speaking,Public Speaking,American Idioms and Slang,American Idioms and Slang,AIEP_Fall_2017_1st_Half_Elective_Preferences_Advanced
0x01AF012D15FBF00C85C9F862CF91E52E4EEF2609E2DB7E3913A3DC5568038887F0EBFDAE4DADCF2551A06D5B44D4E0B733B521D8F2857BB73A0757E656B6F39A0A,9/15/2017 17:12,9/15/2017 17:18,"YES, I have submitted my intent to register online and paid for the next Academic Program.",I DO NOT want 4-day Test Preparation. I want one Monday/Wednesday elective and one Tuesday/Thursday elective.,Business English,Active Listening and Speaking,GRE Preparation,American Idioms and Slang,AIEP_Fall_2017_1st_Half_Elective_Preferences_Advanced
0x0159EC6A61F8881E5A891D600908F5CC858DA027471DE6B8653A330E0D398597B32DF446BC4679D14E2ECC5A41B1AB9CB9BE94A9B54F77F8D6DB5357FEA3A4867F,9/15/2017 17:08,9/15/2017 17:08,"NO, I do not plan to study in the Academic Program next session.",NULL,NULL,NULL,NULL,NULL,AIEP_Fall_2017_1st_Half_Elective_Preferences_Advanced
0x01BD126CB2C608DC20A87B0047FFF21DFBA1545189D1A85C16C39CC36F5A789E82B8213F41103DDEC92ACAF398F75686A506F819328F6B3322DBEB225D170070BE,9/15/2017 16:58,9/15/2017 17:03,"YES, I have submitted my intent to register online and paid for the next Academic Program.",I DO NOT want 4-day Test Preparation. I want one Monday/Wednesday elective and one Tuesday/Thursday elective.,College Workshop,Public Speaking,104 TOEFL Preparation,GRE Preparation,AIEP_Fall_2017_1st_Half_Elective_Preferences_Advanced
0x0164C6A1E3B88F7641D4E51E986A0A30DB3DBF599C17F5F450CDCD49359F690C63BC9026F2E2ADC6EB4969478D5BD786295FBCB0744362F3BABC0324BFA9C5E53C,9/15/2017 16:50,9/15/2017 16:51,"NO, I do not plan to study in the Academic Program next session.",NULL,NULL,NULL,NULL,NULL,AIEP_Fall_2017_1st_Half_Elective_Preferences_Advanced
0x01BB220C69156BEC6E1688152BD50BF8AC60380E147B155B5C561479190BB8E55E1882D4D81DA1D9A1B31C4CAC3349D75049AAD13E4E2EE5E74852976B4B7A7474,9/15/2017 16:41,9/15/2017 16:45,"YES, I have submitted my intent to register online and paid for the next Academic Program.",I DO NOT want 4-day Test Preparation. I want one Monday/Wednesday elective and one Tuesday/Thursday elective.,Business English,English Through Movies,Current Events,Word Play (Academic Vocabulary Development),AIEP_Fall_2017_1st_Half_Elective_Preferences_Advanced
0x017AEADD592F50BB26026A426D8E947CE572CB173EF2C8FA251BBB3879419FC0B75E90E70D1C28C0C82EF20F0F0B2CA2075DF8358A9A4EE9D8E100619AA75E9397,9/15/2017 16:38,9/29/2017 4:40,"YES, I have submitted my intent to register online and paid for the next Academic Program.",I DO NOT want 4-day Test Preparation. I want one Monday/Wednesday elective and one Tuesday/Thursday elective.,Public Speaking,English Through Movies,American Idioms and Slang,Current Events,AIEP_Fall_2017_1st_Half_Elective_Preferences_Advanced
0x01C346B033D480B8EA90D1C46DCC361D5758A8D34FCD55E636819BCE4EBD5B73DD718E5393B89A3FCA412C232A4438072C5B7446CA427BE19B4CEBAC688C01D00B,9/15/2017 16:24,9/15/2017 16:24,"NO, I do not plan to study in the Academic Program next session.",NULL,NULL,NULL,NULL,NULL,AIEP_Fall_2017_1st_Half_Elective_Preferences_Advanced
0x015E11904A8EA37B2E99B10F597A0D75F7FBD54B212B312FF7E918A47E8FA6981844ECF279F237650D123E1BE8139C6875963DD714B3D235D5DF86B2226E1ED15A,9/15/2017 16:21,9/15/2017 16:21,"NO, I do not plan to study in the Academic Program next session.",NULL,NULL,NULL,NULL,NULL,AIEP_Fall_2017_1st_Half_Elective_Preferences_Advanced
0x01BDC08C21D9A5F0B0572C2E7B0A5ED07A6398FDC001E8D49E8D3BEB6D2899EB01F323D8AE52B1BB7536F0CFB2892EBC69D79EF8D74A97593C0CE69C3B4C60ED75,6/11/2017 19:50,6/11/2017 19:52,"YES, I have submitted my intent to register online and paid for the next Academic Program.","I want 4-dayIELTS Test Preparation(Monday, Tuesday, Wednesday, Thursday)",NULL,NULL,NULL,NULL,AIEP_Summer_2017_1st_Half_Elective_Preferences_Advanced
0x01BE992F11BFCBBD08E1E2A7B2BD5EA74B61D98EE6FB5FB58707E571B4B1F7145291FFACFE3F509A4184A694E1BCE62B07939B89BC9DF78D8A3E8B9C5D624B5B49,6/11/2017 9:54,6/11/2017 9:54,"NO, I do not plan to study in the Academic Program next session.",NULL,NULL,NULL,NULL,NULL,AIEP_Summer_2017_1st_Half_Elective_Preferences_Advanced
0x01A6AC764DD48AF68412777A0CC2F0A5ABD96C1EEFB3B6C397717674498D8669A68D01DD62BCBA0F5BC5D556E40399798AB8753E507398748C47AE1FAB442167D0,6/10/2017 1:13,6/10/2017 1:13,"YES, I have submitted my intent to register online and paid for the next Academic Program.",NULL,NULL,NULL,NULL,NULL,AIEP_Summer_2017_1st_Half_Elective_Preferences_Advanced
0x01D48A77DFD31A6EA225BEF0C00F202CD7C6ABFAAD438856F3BA6F259DB3E62C98F91AC9D2CD16BC1C6C5DFFBD15D89D68A255AD5D12E2783AD28CD84A939120FF,6/9/2017 15:57,6/9/2017 15:57,"YES, I have submitted my intent to register online and paid for the next Academic Program.","I want 4-day TOEFL Test Preparation (Monday, Tuesday, Wednesday, Thursday)",NULL,NULL,NULL,NULL,AIEP_Summer_2017_1st_Half_Elective_Preferences_Advanced
0x013EE58E9CAC52EB892CFCCA93C73E989F96A3E4DD475DE3A098FBE9505195954AAD0624DEFA9CECCAF07BD659D7FBE2E3902B18699982A892D7074859335922C1,6/7/2017 12:29,6/7/2017 12:29,"NO, I do not plan to study in the Academic Program next session.",NULL,NULL,NULL,NULL,NULL,AIEP_Summer_2017_1st_Half_Elective_Preferences_Advanced
0x014CAB82DCBD897662E37DB5FAE00C9694AD4FF05AB00864DECA1912ED557B1AC87C4A17913393F4D29B13212B122A30127C8917D899FD0515CAB899E0B4638BBD,6/7/2017 12:28,6/7/2017 12:28,"NO, I do not plan to study in the Academic Program next session.",NULL,NULL,NULL,NULL,NULL,AIEP_Summer_2017_1st_Half_Elective_Preferences_Advanced
0x0134FBED0AFD9F18B7ABB39F4053ECD0CBA46EE5DD1F2D95E51885ED0EA81BE9EC582BAA4E4A16E6E2F017EAB73C6152A795D5B0D7D41CC53D0C2C6B29BF6A699D,6/7/2017 3:02,6/7/2017 3:02,"NO, I do not plan to study in the Academic Program next session.",NULL,NULL,NULL,NULL,NULL,AIEP_Summer_2017_1st_Half_Elective_Preferences_Advanced
0x01C346B033D480B8EA90D1C46DCC361D5758A8D34FCD55E636819BCE4EBD5B73DD718E5393B89A3FCA412C232A4438072C5B7446CA427BE19B4CEBAC688C01D00B,6/5/2017 23:34,6/10/2017 0:59,"YES, I have submitted my intent to register online and paid for the next Academic Program.","I want 4-dayIELTS Test Preparation(Monday, Tuesday, Wednesday, Thursday)",NULL,NULL,NULL,NULL,AIEP_Summer_2017_1st_Half_Elective_Preferences_Advanced
0x014FE53C56B68C28E1860FA4BD38C991D21B695C59640D8986D754845C56C9B48129B137719B5DAD9D0C06C1DB9D9D14229614A099702B0098F2249FB1351568CB,6/5/2017 13:53,6/5/2017 13:53,"NO, I do not plan to study in the Academic Program next session.",NULL,NULL,NULL,NULL,NULL,AIEP_Summer_2017_1st_Half_Elective_Preferences_Advanced
0x0162A0DA7226C8E31B5DC51BC245F23F07A3EB37840512A9613AABDCE2DF758F92FFC37C8CDD90ABAD10B083EA182098DAD52649B42ACD77022E9D4942690EB5C4,6/5/2017 13:02,6/5/2017 13:02,"NO, I do not plan to study in the Academic Program next session.",NULL,NULL,NULL,NULL,NULL,AIEP_Summer_2017_1st_Half_Elective_Preferences_Advanced
0x017BC18EDF63DFA20CC274AF5BF1233994B243C4341C21773F3A8C2BA189751BE914A1FF5A118A55217BB1954102FC3119ACA07DF7D39C15898B1FFBEE64CDDCBF,6/4/2017 15:35,6/4/2017 15:35,"NO, I do not plan to study in the Academic Program next session.",NULL,NULL,NULL,NULL,NULL,AIEP_Summer_2017_1st_Half_Elective_Preferences_Advanced
0x01B2C24A8122867E456191E61C40FF864D4A0523EFC209AA76131A9971A7A17E6CF899ABFABC5975788C7DC476DB1808A3495861A5903FD61224B0AC9F59E756E6,6/4/2017 12:51,6/5/2017 17:18,"NO, I do not plan to study in the Academic Program next session.",NULL,NULL,NULL,NULL,NULL,AIEP_Summer_2017_1st_Half_Elective_Preferences_Advanced
0x017CE9A84CA25CE1C466520586A452CA8D5E0402A597196FF7D91B424D3853FC9F2DAC78A8CC976695297379760DF1B70B412ADE9A0B05F35A52DC011C9F7392B0,6/4/2017 1:09,6/4/2017 1:10,"YES, I have submitted my intent to register online and paid for the next Academic Program.",I DO NOT want 4-day Test Preparation. I want one Monday/Wednesday elective and one Tuesday/Thursday elective.,English Through Movies,Business English,Word Play (Academic Vocabulary Development),104 IELTS Preparation,AIEP_Summer_2017_1st_Half_Elective_Preferences_Advanced
0x0190B473062E0893D255E180D28C7B14E099CCE04970D373744BC9225619869F71A7DB69BB9692C301180604EA97CDF67E088F2A32B6D775D27F5486AF7C98859D,6/3/2017 10:54,6/10/2017 13:43,"YES, I have submitted my intent to register online and paid for the next Academic Program.",I DO NOT want 4-day Test Preparation. I want one Monday/Wednesday elective and one Tuesday/Thursday elective.,Active Listening and Speaking,Public Speaking,104 TOEFL Preparation,American Idioms and Slang,AIEP_Summer_2017_1st_Half_Elective_Preferences_Advanced
0x016AAB34C41F21633479840EC2DA354DC827F52D552555047F47C4640D9AD0FDD84ED88077A74E1920A925EC3CE2C3F7180DAA5C085FBC4C1DE0ECF08E88B2CBAA,6/2/2017 16:09,6/2/2017 16:09,"YES, I have submitted my intent to register online and paid for the next Academic Program.",NULL,NULL,NULL,NULL,NULL,AIEP_Summer_2017_1st_Half_Elective_Preferences_Advanced
0x01EE6F7DD3524BDB64E1AF5A8DA805AAD4660472A06D7CC5DDB42DDDDB8FCF547E16FCCDE904610598FB2F0C82ABC1D5235328E8DCD5362DF71D04C2119E6F6E71,6/2/2017 14:46,6/2/2017 14:46,"YES, I have submitted my intent to register online and paid for the next Academic Program.","I want 4-dayIELTS Test Preparation(Monday, Tuesday, Wednesday, Thursday)",NULL,NULL,NULL,NULL,AIEP_Summer_2017_1st_Half_Elective_Preferences_Advanced
0x01B0A118017CAC5BB0B4CA423A06441BEBC95E7FEFCCE1198722717A752A15B9F0BF3DE58BDE21292183C4CB8648F94150D35A231860C747895EB8D4892B13089B,6/2/2017 14:03,6/2/2017 14:03,"NO, I do not plan to study in the Academic Program next session.",NULL,NULL,NULL,NULL,NULL,AIEP_Summer_2017_1st_Half_Elective_Preferences_Advanced
0x015B8664CB00F585D8A517B38A35872C11996496694281416D06008B83C014BE598D89D8530E034CD80F0A19208211874FBC49FCA046F6609215A4769B7AF43956,6/2/2017 12:07,6/2/2017 12:07,"NO, I do not plan to study in the Academic Program next session.",NULL,NULL,NULL,NULL,NULL,AIEP_Summer_2017_1st_Half_Elective_Preferences_Advanced
0x018B3D568F03C762B591C46DD6E83787D6A8A325A09E3AEB4B492CC3CDC858B695FCE5DFFCC48556AF06FBBDB06A7FD4036266C1AA5A12BA3A040229CF1E465489,6/2/2017 10:48,6/2/2017 10:49,"YES, I have submitted my intent to register online and paid for the next Academic Program.",I DO NOT want 4-day Test Preparation. I want one Monday/Wednesday elective and one Tuesday/Thursday elective.,Public Speaking,Business English,American Idioms and Slang,American Idioms and Slang,AIEP_Summer_2017_1st_Half_Elective_Preferences_Advanced
0x017E48CE3B55739683FF43BA9461A759D03CA65BE5E93864E8DE5478C169530499701A3EF6868D179ECB4D78D8582CD36791E634743FAB40EE81DE27396BB30BB5,6/1/2017 21:31,6/1/2017 21:31,"NO, I do not plan to study in the Academic Program next session.",NULL,NULL,NULL,NULL,NULL,AIEP_Summer_2017_1st_Half_Elective_Preferences_Advanced
0x01E4F17DFB304677BDE3B3170CFD101A60DE4523169109121A48E5856B400D3E238F4D64C4336204E52B04F4AFEC1FF387656ACC03DAE59382BEDCEA2FE0BAB105,6/1/2017 7:24,6/1/2017 7:24,"NO, I do not plan to study in the Academic Program next session.",NULL,NULL,NULL,NULL,NULL,AIEP_Summer_2017_1st_Half_Elective_Preferences_Advanced
0x0128A2885A13F0369990217D29737EEEEBB23F9F47ECDA502035AA16D934B585F3BA56E70A21F40F9FFDD217A7C545394EC7EE35D156DBE3B58AEF8F27725EC832,5/31/2017 17:41,5/31/2017 17:41,"NO, I do not plan to study in the Academic Program next session.",NULL,NULL,NULL,NULL,NULL,AIEP_Summer_2017_1st_Half_Elective_Preferences_Advanced
0x01606E3AD68F19C59C54E56CBB00AB758BED6F8D65C013EE0B1070F6BCD604433F8A260F2CFB4295E1E2BDCAA2BA17C2B90E43FD5A5B14B714E9DB1ED86D7ABF6E,5/30/2017 12:11,5/30/2017 12:11,"NO, I do not plan to study in the Academic Program next session.",NULL,NULL,NULL,NULL,NULL,AIEP_Summer_2017_1st_Half_Elective_Preferences_Advanced
0x012A09F95101807404FF07E4364386A87576FE301ADEFDA48442010292D67902AD9DC61EA4ACB1CC1E66BD5403F94A0EA5E57FAB300E6FB2711F52ACC585805A87,5/29/2017 18:08,6/1/2017 0:46,"YES, I have submitted my intent to register online and paid for the next Academic Program.",I DO NOT want 4-day Test Preparation. I want one Monday/Wednesday elective and one Tuesday/Thursday elective.,Public Speaking,Active Listening and Speaking,Current Events,Word Play (Academic Vocabulary Development),AIEP_Summer_2017_1st_Half_Elective_Preferences_Advanced
0x0169542D9991812034EFCA552133C5898966A2C1EEA767C57999C7A29CF1EC5787C78C246820F9C6BDF7672B8C9B6911A8155B92228210DBD35A6FA493FF44CD54,5/29/2017 17:03,5/29/2017 17:06,"YES, I have submitted my intent to register online and paid for the next Academic Program.",I DO NOT want 4-day Test Preparation. I want one Monday/Wednesday elective and one Tuesday/Thursday elective.,English Through Movies,Business English,Word Play (Academic Vocabulary Development),104 TOEFL Preparation,AIEP_Summer_2017_1st_Half_Elective_Preferences_Advanced
0x01D4759C9C6C93F5F3888D0E0C2FFE476D764220F4FCBC843B54070B7BE1C00CF114DC9659E38EA70E082E14B482A072BCB5BA0356F088706AB737CF1BBBBAEDB4,5/29/2017 15:19,6/2/2017 13:47,"YES, I have submitted my intent to register online and paid for the next Academic Program.",NULL,NULL,NULL,NULL,NULL,AIEP_Summer_2017_1st_Half_Elective_Preferences_Advanced
0x014021E2FCF5036239BAD3C75E57DF473EFB6515B70D6A50CF0F77CC33EB55C2F7D7A56F5BC7E4C06AAC8077A430C6367D8AA8E53F358455127FB72F1C26DAB04A,5/29/2017 13:19,5/29/2017 13:19,"NO, I do not plan to study in the Academic Program next session.",NULL,NULL,NULL,NULL,NULL,AIEP_Summer_2017_1st_Half_Elective_Preferences_Advanced
0x01D7F9196C94DF48766C25C624EDE46DA68C133E88EFBDAAC355E5A1E560A4A8EBD894A00F0E1598A34B408FD3A37D246927051D173B8D9B6CCB98E1451A1D7137,5/29/2017 12:07,5/29/2017 12:07,"YES, I have submitted my intent to register online and paid for the next Academic Program.","I want 4-dayIELTS Test Preparation(Monday, Tuesday, Wednesday, Thursday)",NULL,NULL,NULL,NULL,AIEP_Summer_2017_1st_Half_Elective_Preferences_Advanced
0x01AF012D15FBF00C85C9F862CF91E52E4EEF2609E2DB7E3913A3DC5568038887F0EBFDAE4DADCF2551A06D5B44D4E0B733B521D8F2857BB73A0757E656B6F39A0A,5/29/2017 0:18,5/29/2017 0:19,"YES, I have submitted my intent to register online and paid for the next Academic Program.","I want 4-day TOEFL Test Preparation (Monday, Tuesday, Wednesday, Thursday)",NULL,NULL,NULL,NULL,AIEP_Summer_2017_1st_Half_Elective_Preferences_Advanced
0x0139EEE4821A1BFD8B9F2B8610EFDF9BC518D6046DD76BCE3FC7DC700C6426B90B05C64E36D68AF81814BA64FCBFDB1AFC0E272BC59B7765B43D631B14D14B9661,5/27/2017 14:37,5/27/2017 14:37,"NO, I do not plan to study in the Academic Program next session.",NULL,NULL,NULL,NULL,NULL,AIEP_Summer_2017_1st_Half_Elective_Preferences_Advanced
0x019D0AFC58C924D603B9F595319CDDF63FDFA747CF8C85CB3AA3735369636368CBD2FEBA826C09C0CF6CBBA9F621AFCF8A07431E20C7E1D49B78F6ADF20F8D2D3F,5/26/2017 18:41,5/27/2017 8:32,"YES, I have submitted my intent to register online and paid for the next Academic Program.",I DO NOT want 4-day Test Preparation. I want one Monday/Wednesday elective and one Tuesday/Thursday elective.,Business English,English Through Movies,Current Events,American Idioms and Slang,AIEP_Summer_2017_1st_Half_Elective_Preferences_Advanced
0x01ABE19208239D8CF3A8E1F18AAD497CCE3468947341A10FD9AB51E69264D8719D161C0D1FC4162CBDBEB69C39172F5648BAAC307320F57F5C9C22EDA7460E05EF,5/26/2017 15:18,6/1/2017 14:30,"NO, I do not plan to study in the Academic Program next session.",NULL,NULL,NULL,NULL,NULL,AIEP_Summer_2017_1st_Half_Elective_Preferences_Advanced
0x017216D28F476AD70E08C36E25937AE9065C4F2E75AE4B1C60AB7511F6DC978EFC697FA0B5A8567EA0006F094B1782A9C0B7DA6316B3A1984FE20BF9F484EFE8A6,5/26/2017 14:05,5/29/2017 12:56,"YES, I have submitted my intent to register online and paid for the next Academic Program.",I DO NOT want 4-day Test Preparation. I want one Monday/Wednesday elective and one Tuesday/Thursday elective.,Public Speaking,Active Listening and Speaking,Word Play (Academic Vocabulary Development),American Pronunciation,AIEP_Summer_2017_1st_Half_Elective_Preferences_Advanced
0x0150BE18C453C5F7E0D5501653922C6112DB445E602BB4B533D5B4BAEA76B175BF645D8830AC668BF3AFFE1C96A8D7A2BC15D4F30BF7523F92B8C09DFB6B54B097,5/26/2017 12:52,5/31/2017 12:20,"YES, I have submitted my intent to register online and paid for the next Academic Program.",NULL,NULL,NULL,NULL,NULL,AIEP_Summer_2017_1st_Half_Elective_Preferences_Advanced
0x01C22A370BDB8490779E44412524A5D9CBBB8F9EE55CB7EAD5596F27ED3D70167F9ACB11CCBC94E41A14576CD3E9F59FFC22F4F8E149293E7C0F0ACF2BFE23A71E,5/26/2017 12:11,5/26/2017 12:12,"YES, I have submitted my intent to register online and paid for the next Academic Program.","I want 4-dayIELTS Test Preparation(Monday, Tuesday, Wednesday, Thursday)",NULL,NULL,NULL,NULL,AIEP_Summer_2017_1st_Half_Elective_Preferences_Advanced
0x017AEADD592F50BB26026A426D8E947CE572CB173EF2C8FA251BBB3879419FC0B75E90E70D1C28C0C82EF20F0F0B2CA2075DF8358A9A4EE9D8E100619AA75E9397,5/26/2017 9:21,5/26/2017 9:51,"YES, I have submitted my intent to register online and paid for the next Academic Program.","I want 4-day TOEFL Test Preparation (Monday, Tuesday, Wednesday, Thursday)",NULL,NULL,NULL,NULL,AIEP_Summer_2017_1st_Half_Elective_Preferences_Advanced
0x0128F46E73B402B819864E46DC5E418BBF3EB03DA04E7B152CEADDDC148486C01AF2EB84A7EAF017E74418FE344A4B15338D6E0083CEB1D6B9C7E39D569760D4A4,5/25/2017 20:56,5/25/2017 20:57,"YES, I have submitted my intent to register online and paid for the next Academic Program.","I want 4-dayIELTS Test Preparation(Monday, Tuesday, Wednesday, Thursday)",NULL,NULL,NULL,NULL,AIEP_Summer_2017_1st_Half_Elective_Preferences_Advanced
0x0120DC5A2B6D931604607472949D8AEF6E3E00E6D1272E58BE0D2328F4A30557AC89D620770C1E3AC21C4C470324E60574A4588224E7F1454AC27EF92EDA8CE02C,5/25/2017 20:31,5/26/2017 16:18,"YES, I have submitted my intent to register online and paid for the next Academic Program.","I want 4-day TOEFL Test Preparation (Monday, Tuesday, Wednesday, Thursday)",NULL,NULL,NULL,NULL,AIEP_Summer_2017_1st_Half_Elective_Preferences_Advanced
0x0177FE26F93BC69547E760FA87CB6C87DE90BDACEB433912FCF5C7E8E1404DCBE754DBC3990797F1DCE92688C5E8FE41A55DEEA1C694AD5C6F4C66C4B253CD9E0F,5/25/2017 18:46,5/25/2017 18:46,"NO, I do not plan to study in the Academic Program next session.",NULL,NULL,NULL,NULL,NULL,AIEP_Summer_2017_1st_Half_Elective_Preferences_Advanced
0x016CEB43D2C89A1440FF1892D5553A350E02B8204CAD53A4DB812E7E7221AB145517298EEFA48DDD774FA1F66F58C75EE09D8C16D78DB19CCBB008159929454293,5/25/2017 15:54,6/2/2017 17:31,"YES, I have submitted my intent to register online and paid for the next Academic Program.","I want 4-dayIELTS Test Preparation(Monday, Tuesday, Wednesday, Thursday)",NULL,NULL,NULL,NULL,AIEP_Summer_2017_1st_Half_Elective_Preferences_Advanced
0x0178954242F4FAEE2B05DF73179E739EBBEA46A1F5CE10CEC323B74E16E5302A75D5FD1B886121F8E82B6AD40D2428D5B0182A28FBD0D333FEAE52FAE335BB4E34,5/25/2017 15:22,5/25/2017 15:24,"YES, I have submitted my intent to register online and paid for the next Academic Program.",I DO NOT want 4-day Test Preparation. I want one Monday/Wednesday elective and one Tuesday/Thursday elective.,Public Speaking,Public Speaking,American Pronunciation,American Pronunciation,AIEP_Summer_2017_1st_Half_Elective_Preferences_Advanced
0x01119F9CCE447E1602391AA272802F5BE0B838B7E5862BAD60BF0B77913C4D73B0C9A70470B3CFF589AD4F68D24C836C215E518130B7F27EA0410AFB00AA2EB44B,5/25/2017 14:07,5/25/2017 14:08,"YES, I have submitted my intent to register online and paid for the next Academic Program.",I DO NOT want 4-day Test Preparation. I want one Monday/Wednesday elective and one Tuesday/Thursday elective.,English Through Movies,Business English,Current Events,American Idioms and Slang,AIEP_Summer_2017_1st_Half_Elective_Preferences_Advanced
0x01B8921443017BC279B605ED1413D9C50335E7C73D8AEEC9E671F80CB2B3FD9D6CE81914F4C69040A25E48EDBBF37FE785E18EB68EAD70E3E6E6E6EFC0D8F1659F,5/25/2017 13:57,5/25/2017 13:58,"YES, I have submitted my intent to register online and paid for the next Academic Program.","I want 4-day TOEFL Test Preparation (Monday, Tuesday, Wednesday, Thursday)",NULL,NULL,NULL,NULL,AIEP_Summer_2017_1st_Half_Elective_Preferences_Advanced
0x01283D91E83998B4DEF0C4192BBA64E21F3D8B9EA80D5FD06B1D1AFDAAF025F875D722383DE97F9309018FD1CC96AABBE000B91ED87E01A4ACF4887A2CCB3E02A0,5/25/2017 13:01,5/25/2017 13:53,"YES, I have submitted my intent to register online and paid for the next Academic Program.",I DO NOT want 4-day Test Preparation. I want one Monday/Wednesday elective and one Tuesday/Thursday elective.,English Through Movies,Business English,Current Events,American Idioms and Slang,AIEP_Summer_2017_1st_Half_Elective_Preferences_Advanced
0x010AA3CF522A0160EE63D2CB772A436A36F0A59854C803A7E6DA495C980487DC375146976C731AA90DB8142FBDFCA51BF048475090D48B8478C1137F3EA75D14D8,5/25/2017 12:40,5/25/2017 12:40,"YES, I have submitted my intent to register online and paid for the next Academic Program.","I want 4-dayIELTS Test Preparation(Monday, Tuesday, Wednesday, Thursday)",NULL,NULL,NULL,NULL,AIEP_Summer_2017_1st_Half_Elective_Preferences_Advanced
0x0105B311AE8AADCD27171EF2D542DEB5698B86182C842FC2E8B7329D23E14FC2DBA0901B58C497B3AA102356C98A02DB1A9CE6CACCC2271FAFD20BCA51181C4B63,5/25/2017 12:32,5/25/2017 12:32,"YES, I have submitted my intent to register online and paid for the next Academic Program.","I want 4-day TOEFL Test Preparation (Monday, Tuesday, Wednesday, Thursday)",NULL,NULL,NULL,NULL,AIEP_Summer_2017_1st_Half_Elective_Preferences_Advanced
0x012AD4DE9ACB32E877CD8F88773DD9F3BDE98A5679C78E50B86FDF34FD32F7DA9D08D1EFA0AD94C8B81226EDB79371DE48AA2FBFD21F6E56E52A04C544668B143D,5/25/2017 12:03,5/25/2017 12:03,"NO, I do not plan to study in the Academic Program next session.",NULL,NULL,NULL,NULL,NULL,AIEP_Summer_2017_1st_Half_Elective_Preferences_Advanced
0x01EDA24E08D60ACC9F47AF2A4FEC5B5D3E5944DD9768B953F5508E82D014004C2D8FFAA15CD320C8A2A3263EAA4A99AEBDA90089A24D80E81D11883732F69C6620,5/25/2017 12:00,5/25/2017 12:03,"YES, I have submitted my intent to register online and paid for the next Academic Program.","I want 4-day TOEFL Test Preparation (Monday, Tuesday, Wednesday, Thursday)",NULL,NULL,NULL,NULL,AIEP_Summer_2017_1st_Half_Elective_Preferences_Advanced
0x016E6970244742B5AF869DA2EBBAA96D7DB5E8758E6290C4E4A3E29F4D21C358BCAF6DA6DC3B3A45EBB18BB05B5BB8B7F069DEFC6DDB1C49C33D8DA51DA3858D87,5/25/2017 11:55,5/25/2017 11:55,"NO, I do not plan to study in the Academic Program next session.",NULL,NULL,NULL,NULL,NULL,AIEP_Summer_2017_1st_Half_Elective_Preferences_Advanced
0x01EB7A1B5AC6954F07D675510DB7E06CB47787F28498A2B35625666868539464F03CBFDE7E6EB71F06E355ADCCD8CC345A1FEAF0B94B9DAD754DF967388A659D15,5/25/2017 11:34,5/25/2017 11:34,"NO, I do not plan to study in the Academic Program next session.",NULL,NULL,NULL,NULL,NULL,AIEP_Summer_2017_1st_Half_Elective_Preferences_Advanced
0x0120AC42C1F7FF5E03620CEEEAD157E858FBDFF672F9AF3C714CF3F56ED7A6E712D86DA67D770B231831B122D8484E015C45EF2C31DEE6ED2BFBB55EFBB8084612,5/25/2017 11:15,5/25/2017 11:15,"NO, I do not plan to study in the Academic Program next session.",NULL,NULL,NULL,NULL,NULL,AIEP_Summer_2017_1st_Half_Elective_Preferences_Advanced
0x01C479462683B419EC0555DB324B0CA5A7369E5101E2D7EDFE0DC9241B1E7C3B77E45C3DF79C9D6D6E9A837F89C49F4B2A9C56FAA3B638FCB01EE46AC53464F9AF,5/25/2017 11:10,5/25/2017 11:12,"YES, I have submitted my intent to register online and paid for the next Academic Program.",I DO NOT want 4-day Test Preparation. I want one Monday/Wednesday elective and one Tuesday/Thursday elective.,English Through Movies,Business English,Current Events,Current Events,AIEP_Summer_2017_1st_Half_Elective_Preferences_Advanced
0x01157C2417F13CDD27DC21456EDFCF6D5020301AAAEC2766E331DD7871E41D76A454AC42F00A57CEF430A6440CA21444FE7BD42E123D0EF3EE5FBAE6713CC581AD,5/25/2017 11:04,5/29/2017 13:06,"NO, I do not plan to study in the Academic Program next session.",NULL,NULL,NULL,NULL,NULL,AIEP_Summer_2017_1st_Half_Elective_Preferences_Advanced
0x0178A8A04FFD2C16397FD9C1E8336B23CBAD0CBBDFAE6BAA53D33188A2005F2398567B14D6D7B4ED33AF836A711B692DEAB5CAB941CC4E8EF5F912301F1263BE74,5/25/2017 11:04,5/25/2017 11:04,"NO, I do not plan to study in the Academic Program next session.",NULL,NULL,NULL,NULL,NULL,AIEP_Summer_2017_1st_Half_Elective_Preferences_Advanced
0x01779ABB01FFEC8F378184894C60CD13AC87164130CA84E4574853F860E701090FEDC1249C8EFF7D9C7D35FA067A6FA8AB3AFE0CDEB305E06CB928DFA6EA7874D4,5/25/2017 11:03,5/25/2017 11:03,"NO, I do not plan to study in the Academic Program next session.",NULL,NULL,NULL,NULL,NULL,AIEP_Summer_2017_1st_Half_Elective_Preferences_Advanced
0x01171E4EECCAB032B3C2AE59B49B146A30EFAAABE1BBCD931F24AA3695F9F6659FBE2AED16568077CA5B04D0FBC775971FCA8F18521DE23A51AEDC9E4368799A9A,5/25/2017 11:03,5/25/2017 11:03,"NO, I do not plan to study in the Academic Program next session.",NULL,NULL,NULL,NULL,NULL,AIEP_Summer_2017_1st_Half_Elective_Preferences_Advanced
0x018A0E3104FEEC020E30446C82D82060DCA051B7322D4802A36A19B5B813BAC425585EFC4D345D9956DFE9C12021CB50F33F613AFFCC36A16A3796E8E396370C21,5/25/2017 11:02,5/25/2017 11:02,"NO, I do not plan to study in the Academic Program next session.",NULL,NULL,NULL,NULL,NULL,AIEP_Summer_2017_1st_Half_Elective_Preferences_Advanced
0x01CFFB51F29C7A7266240881D7208A1433A3C55EB13ADAEE39ECD964E81144CE170BB22087036DE5D8C182D3004CE390666B9C6F8A3970A0DB1C5652550E18FB2E,5/25/2017 11:00,5/25/2017 11:00,"NO, I do not plan to study in the Academic Program next session.",NULL,NULL,NULL,NULL,NULL,AIEP_Summer_2017_1st_Half_Elective_Preferences_Advanced
0x017796D260001174C84E5D60AA7D1EBA2A1BAB42C3D0B0714E230590EA5DA2E4A743DF5D70EE654FBFB1D2142B88F07A2FC6965D2281BBDCE851A6BB17F19CE876,5/25/2017 10:54,5/25/2017 10:54,"NO, I do not plan to study in the Academic Program next session.",NULL,NULL,NULL,NULL,NULL,AIEP_Summer_2017_1st_Half_Elective_Preferences_Advanced
0x01F088D1847D01F7941688441F96BCFA0AE0A5AB6628FABC07B6A98082A07478378C230118C7C933546029BFEE6282E596FDE761E7020792F8723F92ED071DA9CE,5/25/2017 10:53,5/25/2017 10:53,"NO, I do not plan to study in the Academic Program next session.",NULL,NULL,NULL,NULL,NULL,AIEP_Summer_2017_1st_Half_Elective_Preferences_Advanced
