ID_encrypt,_What_did_you_do_before_studying_at_ALC__,_What_will_you_do_after_the_ALC_program_ends__,_Who_pays_for_you_to_study_at_ALC__,_How_did_you_hear_about_ALC__,_Which_digital_devices_do_you_have_with_you_in_LA__,_How_do_you_stay_in_contact_with_your_friends__,_Which_English_test_have_you_taken_within_the_last_6_months__,_What_was_your_score__,_Which_English_test_do_you_plan_to_take_in_the_next_6_months__,_What_major_or_field_do_you_plan_to_study_after_you_complete_your_ALC_program__,Quarter
0x018EAE7A1027ABFC11EC626AA310F4CF099ABACD6C16FB4E3005E1F181E4768EC494CEEEE22CDCB697B465977A315CDC1F5B831C26B0A1FEB5159AC88A6B909E42,student,return to home country,family,advisor,"computer,mobile device",SMS,IELTS,5.5,"iBT-TOEFL,IELTS",Business/Finance,AIEP_SU16C
0x0198EFFAFE06C397F712E6A32FAA48F9163CDDD38B0102479FEC471A750922521B5D674E2771DB08A397FFA40A8E4C5A678B7B841A453A175124CA3981688C85CA,student,4-year college,government,embassy,"computer,mobile device","SMS,Skype,social websites",IELTS,5,IELTS,Medicine/Biology,AIEP_SU16C
0x014412CF48AE1764097387D3C4E0FFCCE111811B93BAD8986BCAAEF92FD1BF053D54CD885519A2294EE58C88DF3D4717DD5398C09C4D2C32F665788C3EE37357C9,student,4-year college,government,embassy,"computer,mobile device","SMS,Skype,social websites",none,NULL,IELTS,Engineering,AIEP_SU16C
0x018B3D568F03C762B591C46DD6E83787D6A8A325A09E3AEB4B492CC3CDC858B695FCE5DFFCC48556AF06FBBDB06A7FD4036266C1AA5A12BA3A040229CF1E465489,student,MA or PhD,government,ALC student,mobile device,SMS,IELTS,4.5,"iBT-TOEFL,IELTS",Medicine/Biology,AIEP_SU16C
0x01FF7F3CDAEFF600EF7B001C4EF64D7DFCA77CA10CBFC3AA24294827035EA19722DDCEE00A0A8F7607D6026783248BA91E24A1CA716D6ADA7010858FED77588C18,student,MA or PhD,government,friend/family,computer,SMS,none,NULL,none,Business/Finance,AIEP_SU16C
0x016211AAECA81925F654872BFC2D9A750F138605A5ABE27C877C31D6BBDE01FA48BA10418FBD0072099BFF20D8B02439E821B2163C187BCADC305EBDE30CB86260,student,MA or PhD,company,Internet,mobile device,SMS,none,NULL,none,Business/Finance,AIEP_SU16C
0x013C74BDB6A23214839BBAFE7E2871B69CA2DD423635499473BE542B1A67034F67134475919E3BF590A2F0797B33D5BA830A459FE376E96A92B434FA3B3D1F533B,working,MA or PhD,government,friend/family,"computer,mobile device",SMS,none,NULL,IELTS,Engineering,AIEP_SU16C
0x01347773C8DA66D2FAE352A0900C2AA0FAFD527FB3632AE4672B64AECE0840BB4D2C555E0EF2A5E96E53638ABC2751A848D684C6E623CC79282E9B030A32C24CF7,student,4-year college,government,friend/family,"computer,mobile device",SMS,none,NULL,none,Engineering,AIEP_SU16C
0x01C9F8160A11BEBCDC96BD3F240F47A985068F5B45CD00B02ABDACEBE4D9D0F3EA708B5483407A70FA0B8550D720BF0F170BC149E895A1BF2F9BA2C4250992F0ED,working,MA or PhD,government,ALC student,"computer,mobile device","SMS,social websites",none,NULL,IELTS,Business/Finance,AIEP_SU16C
0x012A2AA429DBFBBEB4E719A8DF12571010BFDCFF125D5CFE18CC18B07F0FD04A194A721E85E5E31499BE656B38627A31203AF3A6F761344B07F92E31219AF78B50,student,MA or PhD,government,friend/family,mobile device,SMS,none,NULL,none,Other: Psychology,AIEP_SU16C
0x01503E51DFE67A196A346F4DC2DA758E1F0798E832981E3953F21EF12D58877A4515AD2C5739ABA4E2692DA832E2B6E7022EFC22DC241BD6EDC7604808540D02AB,student,UNEX certificate,family,friend/family,mobile device,SMS,none,NULL,IELTS,Other: Marketing,AIEP_SU16C
0x01481D49D74647C57EE16E066ADF7FA3CC0505B9F6E08AE50505A2CCD69F3567D213C80147DF4B1EE640D7773D70FED0CD6E01795E05C7D62CA247CC701C4821D9,student,MA or PhD,government,ALC student,"computer,mobile device","SMS,Skype,social websites",none,NULL,IELTS,Business/Finance,AIEP_SU16C
0x01BDC08C21D9A5F0B0572C2E7B0A5ED07A6398FDC001E8D49E8D3BEB6D2899EB01F323D8AE52B1BB7536F0CFB2892EBC69D79EF8D74A97593C0CE69C3B4C60ED75,student,MA or PhD,government,Internet,computer,SMS,none,NULL,"iBT-TOEFL,IELTS",Medicine/Biology,AIEP_SU16C
0x019FD888675C7F3562F0E3EE464E9B616A087BA817D8522B4D95020E5DD26561ADE95A809427D112CF34E6D5C1A7695D8BD67B8E1E90832F43B278895FB3BE3FDC,working,MA or PhD,self,ALC student,"computer,mobile device","email,social websites",iBT,101,none,Other: Public Policy,AIEP_SU16C
0x013A12DC881CBB8BDC605EDCAF5211ACE3D3B8B5CCB151576BB9E7DCBB0152CE618236729DB1CA14C025692CB7362566084ECCE152BA5471E3AC84C136DB142E5A,working,MA or PhD,government,embassy,"computer,mobile device",SMS,none,NULL,IELTS,Engineering,AIEP_SU16C
0x0112350C1856AF52D8FCD8AE3D3EA9A8CA678436819354CBD72803328923EB0BE44D2B6D2E84EDA745456997694238A6C1E9923BFA7B31D0B07A7C2186B51E0C77,working,return to home country,self,Internet,"computer,mobile device","SMS,social websites",none,NULL,none,Business/Finance,AIEP_SU16C
0x01FB70C996823F7AC8AFBD16D043DE484C711BFA56E8258F625970B31FA069E21C37ADDBD726AD414BF412C91EF22608221509ACCE4625619E4D4FFFE87E790470,student,return to home country,family,friend/family,computer,social websites,none,NULL,TOEIC,Engineering,AIEP_SU16C
0x0156EAC0F5B11375DB91B9F7BECA456BB6F9266024FAC95F862A48517E259D41DCDF75A661EB0F0CE57F0E4819C99AF078A9A4B6FE75806C1135E4B6D3C3815C4A,student,return to home country,family,advisor,mobile device,SMS,none,NULL,iBT-TOEFL,"Other: Political Science, Economics",AIEP_SU16C
0x012232CAF14004DE4E271D06704350BCCDFA3AE729B4340F252F1E3A69E12E5C060CD3EC146E2243B9FABD81C4DDB81D1A1F82B1FB90BC903943A8642BB03F4A0D,student,return to home country,family,advertisement,"computer,mobile device",SMS,none,NULL,iBT-TOEFL,Other: International Relations,AIEP_SU16C
0x0153E4073B05384CA117DB8CC2186C4DDBF05F2360DD4A0815E5618BA25CC93C234033FD1FAF02A96FC9C46225AAF9AA38A90E96E8C9D357FCD16F737DC57271E0,student,return to home country,family,friend/family,"computer,mobile device","SMS,social websites",none,NULL,iBT-TOEFL,Other: Communications/Journalism,AIEP_SU16C
0x01255926543EF4FA9E027044695D777660EEAA18C60C4C6DD1EEC612725EBAA63B6E25681DF17768A9D50268FF683B85FBAE46940E65FF91874E0633DFF00CB05B,student,return to home country,family,friend/family,"computer,mobile device",SMS,TOEIC,700,"iBT-TOEFL,TOEIC",NULL,AIEP_SU16C
0x01E37C3B99E1C3CDA542D91C8404D4F68BC228AB96FAACFAE4ACC635E2B266A85DCB83C77D81FAD07FA41465A71F4052C06B36CBDA7BBD6EC6129F394EEFC0ECF8,student,return to home country,family,friend/family,mobile device,SMS,none,NULL,none,Other: Entertainment/Film/Media,AIEP_SU16C
0x01319AA2461753D3BC961158AB500A66211DDB17B787C65B6A7D57F2F9EE4842DEA792B2B24B866A09FFFF596049BACF90FFDAEA891BE7DF5883D2799BB82DE011,working,UNEX certificate,self,Internet,mobile device,SMS,iBT,81,iBT-TOEFL,Business/Finance,AIEP_SU16C
0x01BA67D6996F82D08367C3E561A30585A00FD250F442E894D01B855770C0EFBB904835ACBC4411817EDDA9320FE2898E920A20B05B97D2C52F424CC409628FDA88,student,return to home country,family,advisor,"computer,mobile device","email,SMS,social websites",none,NULL,TOEIC,Other: Media and Society,AIEP_SU16C
0x01AC4971BD7DD614E5304D0284022C2442129B4E58FF832243C7735ADD60C03C17387FBE03187EA0B49488D4166AE47D28BD41BC6BB0022DB4EE72F504EAD2E86B,student,UNEX certificate,self,Internet,mobile device,SMS,none,NULL,iBT-TOEFL,Engineering,AIEP_SU16C
0x01311E6E7F297AA4334FC0FB83F0BB4EF315E00725865FED524DFD38687D4F93E9AC0BA5C79DE574BAEEBB8FB1FECE1E8BF616A80EA8C735A4548CDEB109F54B4C,student,2-year college,family,Internet,"computer,mobile device","SMS,social websites",none,NULL,iBT-TOEFL,Engineering,AIEP_SU16C
0x0146D294F3FEA6E633EF29C5174D1427A39DF1A9043C066A61967E6DBE3B903917E6F1BBA86B7A15E8FF9D3F0CACA4E2D1D6C930842D6F9D4E4DE61EAE117A87F2,student,return to home country,family,friend/family,mobile device,SMS,none,NULL,TOEIC,Business/Finance,AIEP_SU16C
0x014F8B7B38A1DE4C8636FF2955A2ADC219EDD000765A45E46473C60030BCBDEC92947665CEA878EADABF4F50B37F37CFB671B5A327C49C43192B6CAB61DF1C557E,working,4-year college,self,Internet,"computer,mobile device","SMS,Skype",TOEFL,92,iBT-TOEFL,"Engineering,Chemistry/Physics",AIEP_SU16C
0x016CECEBC64BB83B52F3185F6ACB9669C9FDDF9FC6198315BA49695F2BD989FE03259ADA61E0A97990C247B507B065271B4D6A1B240867667422323BC8273E2729,student,return to home country,university,advisor,"computer,mobile device",SMS,TOEIC,850,iBT-TOEFL,Other: History,AIEP_SU16C
0x0150309A41A51DC0D7036CC8933613CC0C9A6E569D645E8C722EEB23B5DAD88E0FDB8874D6854DD49AFA17D9BE7D664F3E5C05778AF9A8B17F52FE8845F3E60079,student,return to home country,university,advisor,"computer,mobile device","SMS,social websites",TOEFL,NULL,iBT-TOEFL,Other: Linguistics,AIEP_SU16C
0x01D40778ACFCF82B725358087AF9ED4C321F236B6DF048FD8804E7C1A8DCB3525AE835528D042EB406555154BF0E9105B2BE7CC8261490EC13EC900E7A239A61B0,student,return to home country,family,friend/family,"computer,mobile device",SMS,none,NULL,IELTS,NULL,AIEP_SU16C
0x01C35B6FA1943F4A944BCD891325CEB6D730BAB2842C52CEB64D6BC2DEFFE316FCF281F381F3838F1D5F0AF53C79F063D368590D68542D208CAAD7B615408F7C7A,working,MA or PhD,self,ALC student,"computer,mobile device",social websites,none,NULL,iBT-TOEFL,Medicine/Biology,AIEP_SU16C
0x01CD3813D014FA3067FDB7B9D28B883E57DC849C4FE7931A81286ABD5781AD801C56E49A775724B4F53A6A165AF0EAC1772EEF40B6EBAE311217FD5910CE67F857,student,return to home country,family,Internet,"computer,mobile device","email,SMS",TOEFL,77,iBT-TOEFL,Other: Communications/Journalism,AIEP_SU16C
0x018AF1742C06CB47EE81AFBD3125729EAC902661306E1D02EAC924CC70FB1795C6F2DE1191816949C6226130E1BA3D6F294C74D1D8657EEBF3BC3A9081B1D8B69C,student,return to home country,family,friend/family,"computer,mobile device",SMS,none,NULL,TOEIC,Business/Finance,AIEP_SU16C
0x0108718108F59CDA84A16563ECA748C88B2FBE674D310EC7E5FCBCEEAF37B8F6D7124B2DEAB0BA6123EDF9D7F5274542AF1EE8AF1CF8BC8CF7AD0A59DF7DB44E26,student,return to home country,family,friend/family,mobile device,"email,social websites",TOEFL,480,iBT-TOEFL,Business/Finance,AIEP_SU16C
0x010533B242F3B5D01D0CA40EE9E2AC9C83D7D9E06814ECB45830C4570064D8BD40077A2CCF9570AE925510443C8BC89F9D93A2D9E6C9DA9B1B555C67E0D818F7A6,student,UNEX certificate,family,advisor,mobile device,social websites,TOEIC,610,TOEIC,Education,AIEP_SU16C
0x0139EE8B7862F5EDB74AEB077DA8C3A9B5B2A8D4F04590876483862AE0A4C7494F4803ACE3FDF1D3E1432EAD1BB6133828BEC92E3CA3547E7D496DF70A26958531,student,return to home country,family,ALC student,"computer,mobile device",SMS,none,NULL,"iBT-TOEFL,TOEIC",Law,AIEP_SU16C
0x01814DAEC6BC1B5D2B7E8427AB4672C46EEE87AECED8122F980E3C4F67485D5F2C67686CFED505CC7227CAED4C005A7FE3A7666E3AB54EAFE2F44A95027DFBC4D9,working,MA or PhD,self,Internet,"computer,mobile device",email,TOEFL,51,none,Other: Dentistry,AIEP_SU16C
0x012A7643C6D9BD1CB093EABB3310F2B0126BDE6B3B07A2F6D90DC4FA3BB25819727063E09A2E08107FF142D950932E67168022748BA519E426D8282BA056C31FC2,working,return to home country,family,friend/family,mobile device,email,none,NULL,none,Other: English,AIEP_SU16C
0x017C9E765FADDAEF8BBE86DFAC418298306E01B006B503E3E5A966FFF8A3A8D84C9409D5B124F356551AA1ACE15E233EFC05009E86192326CFEF924661703E4EA2,working,MA or PhD,self,ALC student,mobile device,SMS,none,NULL,iBT-TOEFL,Education,AIEP_SU16C
0x01058298CFF70B836D89F8D5A4526A7BD1F089E5208A36B637861B4215831F1FE55AD35865CF8F6450559F4995E013DE74722460C642A6257F67D9B08CA94C2684,student,return to home country,family,advisor,"computer,mobile device","SMS,social websites",none,NULL,"iBT-TOEFL,TOEIC",Other: American Culture,AIEP_SU16C
0x019126016C2DA38F3145AFA2947D88B1CC99D797F3926753189406B1194DBEC2007D86C76D4E79388CF4CBE9778B4EFB5EB961AF112C84B9A336232A521D6997AC,student,return to home country,family,Internet,mobile device,"SMS,Skype",none,NULL,iBT-TOEFL,Business/Finance,AIEP_SU16C
0x019CAD41309627B46EED0375A14439C354DBE953329F1D75359A4F814D19001939E7E2C1F7F4920DE9D0F4433D0A1742C3DB324EB6A896D053C1315F40AB7F788C,student,return to home country,family,agent,"computer,mobile device",SMS,iBT,95,iBT-TOEFL,Engineering,AIEP_SU16C
0x010413D4FE8FFD80B2FDED0940948C7A6A18719838ACFC3131FF195F6882EC88B7A2D8BC8CA326591F6B6A6FE0DDC9C14A707A80977B19D1DE8D8C449642A2B0E0,student,return to home country,self,advisor,mobile device,"SMS,social websites","TOEFL,TOEIC",540;730,"iBT-TOEFL,TOEIC",Other: English,AIEP_SU16C
0x015989AD075FE567925218EEAD6BF64D96B59488C8D24AC04BEAE3EFF7CF66AD4226032A4963DE95EFE969FF32BF6513D50A8BA5AC4B2DC7CB19E0476470A7B6D4,student,return to home country,family,friend/family,mobile device,email,TOEIC,420,TOEIC,Business/Finance,AIEP_SU16C
0x013C71F03CD531041204A6B3A9B3C3DA2EC3E804BC9BE11294B307B675C3EF61F073C0B0ACD2182E9136FCA53F85FB81DF1D6F221DC2A452B3E1231C3879AADC4C,student,return to home country,family,advisor,mobile device,social websites,none,NULL,none,Other: Sports Science,AIEP_SU16C
0x0187EFE9B885AAB4150A7DDFC5609724A3DF099D3F1BB3F68138D53C2B872302D0B4B75ECA9D9EC32E88DAF70404FAC6BAA678572FDE1AA476ABCBA421267CA27F,student,UNEX certificate,"self,family",Internet,"computer,mobile device",social websites,none,NULL,TOEIC,Medicine/Biology,AIEP_SU16C
0x01688D4B389F7D6786607AEC8BF41BEC8650D0C9FBA6AF44F4A75001449542C31EF9A5885299FF6760F569DB7180F4742BD4FF96634C90FAD4CFB5D37CD3A86C16,student,return to home country,family,Internet,mobile device,SMS,TOEIC,NULL,TOEIC,Business/Finance,AIEP_SU16C
0x0167CE17E8CCE5FC41C9A8906E1475BD37ADAE3F07CCE6EC61DBC8E1B0581C3D9C9030C9DC9505206CDC004A1BE0E7472BAF86EA41F3620FB56279DBAD60A68AE6,student,return to home country,family,ALC student,"computer,mobile device",social websites,none,NULL,iBT-TOEFL,"Business/Finance,Law",AIEP_SU16C
0x01A7E8A20F61D961A12DB649E2E70406F542862C58FC486A5D27EFFE8C7F0ABC53C01FC0193CC078312C5956B0836B8C8C0D6B39183D07129DD66F988787DE0A16,student,MA or PhD,family,Internet,computer,SMS,none,NULL,iBT-TOEFL,Other: Psychology,AIEP_SU16C
0x01C1FEE1F9E6B946965C7955A9034ED39388AE6EA98B8E422472405E4C1CF7679A17CB52B10B6C2CF3150A7BBC027F862FD9F35C36F662FD7B2A8074E569202207,student,return to home country,family,advisor,mobile device,social websites,TOEFL,490,iBT-TOEFL,Other: Sociology,AIEP_SU16C
0x019FFD418BF7D64620A564D84214E0FDDF11A9D996E978801A7B04AC65EF35ED978C9AFB267C62540BA71E0BE67DF574145758DB2BB6711B3612F77ED350C4D908,student,return to home country,family,agent,"computer,mobile device",email,TOEIC,615,TOEIC,Other: Public Policy,AIEP_SU16C
0x01A16C495579D9C68A4CC52F696ED65A9C70B050708A2D61D918F9B3234E6951E0E5BB87CD94459698F9AA9E7832D57F1C7E57FD9444113FBA0852B8BEF83350EA,student,return to home country,university,advisor,mobile device,SMS,TOEIC,630,TOEIC,Other: English,AIEP_SU16C
0x01E5F64BA713812288F9C3259F41E5C078779E158205FAC9B3BC209FF935AB64CC8B319352320FCF9F0D6B6009873A15E056917551FC829D12B7915D66C566514B,student,return to home country,family,advisor,mobile device,SMS,TOEFL,473,iBT-TOEFL,Other: English,AIEP_SU16C
0x0174E97ACFE5034CED0460700C6E33EEC1CF5C8CB012294F1497388967D6A9A7CF2D83C08B96DE8F1E79708BD24D7E3F3DB5F3E02C2D396C3861CA480AF9BD8F25,student,return to home country,university,advisor,computer,SMS,TOEIC,830,TOEIC,Business/Finance,AIEP_SU16C
0x01B10F5B7AEFFF5BD37D6B920990C23713AF8B9310EE8CEB0DC04EE8129AD20D3AD0DAB1373F7542D9BD95389A5ACC0673E083604D12183C04387EF47D7E74FCE5,working,MA or PhD,self,ALC student,"computer,mobile device",email,iBT,99,iBT-TOEFL,Other: Public Policy,AIEP_SU16C
0x012393AD3C95394ED317D30ECC75BF0A58E0081AFFFE07D5614D0E932391DF13295970164DE37DAE2D9BB4BA50FB5265AC94B7FA046B5873856AB7576A5D4F57B9,student,return to home country,family,friend/family,"computer,mobile device","email,SMS",none,NULL,IELTS,Engineering,AIEP_SU16C
0x01425346905A1BE74D41B7B928885356CFA5C5436E49DAB4BBA0FAD60F7F4F85CFEF834ABCD2565436EB1C5F2AAAB83C066EA0A811FF015735EBCB3DDF60CC5EAE,student,return to home country,family,advisor,"computer,mobile device","SMS,social websites",none,NULL,TOEIC,Other: Literature,AIEP_SU16C
0x01CF8C8615ACDA5307ABDBB58DCC6196D5A500D54D158C472FE14F2CD1F51275C64D39D9E3E9515CBEBDE2384985BCDDC55D7E54FEE2D002E88D008BC6AF05307C,student,return to home country,family,advisor,mobile device,social websites,TOEFL,457,iBT-TOEFL,Other: American Society,AIEP_SU16C
0x013DCC908C6F7D292F02B2097FA85775BBF6F4A424D148A7D95A591A16A611F68E94E4E735CA532B0F6EBE6E588BE0B2766A9EAF701867EBDFB9831D4907D2C1FD,student,return to home country,family,advisor,"computer,mobile device","email,Skype,social websites",TOEFL,570,"iBT-TOEFL,IELTS,TOEIC","Other: Political Science, Economics",AIEP_SU16C
0x01E9D12969B97DE89E505C69A06197473E2A6ECE664B17ADCB46C01A09DCBD18BE2B068C220F2F4336F530EC38EA95D83DECE8740713305AB2AEE82722D0C54595,working,UNEX certificate,self,Internet,"computer,mobile device","email,SMS",none,NULL,iBT-TOEFL,Medicine/Biology,AIEP_SU16C
0x01C5C3A270637689BDD9784DF7C69937939127662555656E3DDD871EE9CC09517EED7BBA0D64A914AEA5AA6CE556C2CE3CAFC1430A184592D23ED02A030B8A8150,"student,working",return to home country,self,Internet,mobile device,social websites,none,NULL,iBT-TOEFL,Business/Finance,AIEP_SU16C
0x012106324727839E0CD485DC15554F24CDF181947EBA7178C637B41A6C18BEEF1CB81C2C5BC43AE513681B293CDBDC65176FCBDE7F5B63064BFA52D4FA49436337,student,return to home country,university,advisor,"computer,mobile device",SMS,none,NULL,TOEIC,Other: English,AIEP_SU16C
0x0187163DF2EC4F6C624CEF0D8BA98F634E4878FADB13D49B52024834BE7A06868B015CF83FE08A5D9DD66E9417D387FD21D2A36156249E7DD4C8CE9C5FB9A1E7BB,student,return to home country,family,advisor,"computer,mobile device",SMS,none,NULL,TOEIC,Other: International Relations,AIEP_SU16C
0x01ACE84DBD18F35D0D2E2C68192FC857AEB272F39F0EEF986A4C7395813C940E34AA99D19B8A08AF4124124E7DB2653CB8441F00D63F29AB3F72ED4AD3AFF5AA0C,student,return to home country,family,agent,mobile device,social websites,none,NULL,IELTS,Education,AIEP_SU16C
0x012DAA2C85EF8A5C2BF8726D123E7575FBFD91E119D2CB44FCCFC502D7428137AB457A652C1530C193168B5268D15B8B23CE438E4E33F6D6757803621938B425A4,student,return to home country,family,friend/family,"computer,mobile device",social websites,none,NULL,iBT-TOEFL,Other: Computer Science,AIEP_SU16C
0x01DC4AB8E8302FD95A39F60A0ADD01A0C4C0A59A6F80D91181818784FDB1213D7E9903AB8E40B030C77FB40361B4AA56D0ABCDF35C3FEC5EF2FF4F521C3B87957A,student,return to home country,self,Internet,"computer,mobile device","SMS,Skype,social websites",TOEIC,650,TOEIC,Business/Finance,AIEP_SU16C
0x01D0E6766B8B5D0DCF17F653207533283AF0C162F917F0A6504E3430960ACE72939DD7834FA0ACE616245A8CB2B00E105965A2D1ABFAB7F31E96838D6C07129F84,student,return to home country,family,advisor,computer,SMS,none,NULL,iBT-TOEFL,"Business/Finance,Art/Architecture/Design",AIEP_SU16C
0x01E4F38A0BD1281A04C3372677BC30000A24E3E6DAA64C07BBB14775DD7FE13B881AB73B08AAB99979E2F3B395B8456295B687D7B6F1373A54A926CA988D06FF51,student,return to home country,family,advisor,mobile device,social websites,TOEFL,474,IELTS,Education,AIEP_SU16C
0x01341EFA36AE614BE80B3B7A6FDEB3149F61E9318E6BC4261B5FEF9B6CF8A280A687E1B7D966DAAF1E92F8388B19E8A95E13F47666C0BFCFECDE7472926A19F22D,student,return to home country,family,friend/family,"computer,mobile device","SMS,Skype",none,NULL,IELTS,Education,AIEP_SU16C
0x01037FBADA335BBA6F8FD513534DE6F31E18430FD0FC4D84D5877ED19351FB4567AB9EE1A2031D86C02E88014B832610E05FB809697AB9F43D2E434AD45D7193C7,student,4-year college,family,friend/family,"computer,mobile device",SMS,none,NULL,iBT-TOEFL,Business/Finance,AIEP_SU16C
0x01102EC45EE55D05B554E62AFFDAF9BBFFD121F128DB0322AEB77CF7D0BDFEFCC6B85AEA0D598CBAC1439971FA7C3E03EE0E4C1B8E4D31407D39EE06BC0C482712,student,return to home country,family,advisor,computer,SMS,TOEIC,510,TOEIC,NULL,AIEP_SU16C
0x011A699675A8FAE7215915DD0E70CC51008264A9C17688399B5EA2C23B7A122355BF7C186936875CB8D07AF25B3BE52E0F51C1C40EDF4F204FD6CCFB8A996C1757,student,return to home country,family,advisor,mobile device,social websites,"TOEFL,TOEIC",525;630,"iBT-TOEFL,TOEIC",Other: English,AIEP_SU16C
0x01ECD53763D9A7E208B0BCF7E88677705FE2BACDFFD8DC95A037F128EF7B02773C6E19B84AFC3D3B82DA51AA34371131948059DEB59DC3406AD96A158DF70F949D,student,return to home country,family,Internet,mobile device,SMS,TOEIC,585,TOEIC,Law,AIEP_SU16C
0x015706C88DF71034CC88D6055158E6B3B54399A26D2C2EFFFF348BF6CA79A97707B4E73C5722D48BDF6AD19FD615DF7D5252981B97777B85A95B8CD3C0515BC4E6,student,return to home country,family,Internet,mobile device,social websites,none,NULL,"iBT-TOEFL,TOEIC",Medicine/Biology,AIEP_SU16C
0x0125B949B26625BAAC97FCB59711FDDD168A81E9248358A29455B27C8FD5A6F010E5F634AD1D485086B77A7B682275A2F248B2CC2873DB151B6E219A2BD4E291E1,student,return to home country,family,friend/family,"computer,mobile device",SMS,none,NULL,TOEIC,Business/Finance,AIEP_SU16C
0x01F7B68F2B0B3B548FA541D391C6D07F84C1C831C81CAD09AACCE185FD03537452CBD057AADF076B6265838EB87163549206DD9581711587119AA8C3D2F60F17D4,student,return to home country,family,friend/family,"computer,mobile device",SMS,"TOEFL,IELTS",557;5.5,iBT-TOEFL,Engineering,AIEP_SU16C
0x018D68BC164C1F671660A1D92B7AF1C7825FC965CC2595378A7592A1AE7D5AA754CC5491CDC8A80C8812CAFD1A6E06C794EE95EC93A719C4FA6A5633EFE7AC547A,student,return to home country,family,advisor,mobile device,SMS,none,NULL,TOEIC,Business/Finance,AIEP_SU16C
0x01FDA96A0A7AAF701D9F452EDCBBC44920186426A76E0C32DA09C68E18375D100C99A07E564D044F9182D3FC19FB7A4E7760659B8C9CDB949B68E9FE0328E8F80C,student,return to home country,family,ALC student,mobile device,SMS,none,NULL,iBT-TOEFL,Art/Architecture/Design,AIEP_SU16C
0x01EE6F7DD3524BDB64E1AF5A8DA805AAD4660472A06D7CC5DDB42DDDDB8FCF547E16FCCDE904610598FB2F0C82ABC1D5235328E8DCD5362DF71D04C2119E6F6E71,student,UNEX certificate,family,ALC student,"computer,mobile device",social websites,none,NULL,iBT-TOEFL,Business/Finance,AIEP_SU16C
0x018C82CB9EF362B57BD6703D122BD9A1C9839FFE05E99AAE50280B6D6E1B1FE241BFAE3B7F454CD15C747CEC737C96E518B85939F9C65825D032D1DAD053E5CA73,student,return to home country,university,advisor,mobile device,SMS,none,NULL,TOEIC,Art/Architecture/Design,AIEP_SU17C
0x01AC30C8B11A7F552B7874AAEFDC101BB24BCBC8A920F6FF4D6755E51DCD4B662B15EC7FC28AC0C7977FA9BDDD5288385FAA3E0ED096D3F12D02070B3405AF0F94,student,return to home country,family,embassy,"computer,mobile device",social websites,none,NULL,iBT-TOEFL,Other: Entertainment/Film/Media,AIEP_SU17C
0x0144DFB12F7DB1483AD414E680D84F1DE85707ED34D969704C9B8E3242B25676AE1128C43ED25CBD25BDB1F76F23407B689AA9FEA2557E52807ED7464EF0DA3D91,student,4-year college,family,friend/family,computer,"SMS,social websites",none,NULL,iBT-TOEFL,Medicine/Biology,AIEP_SU17C
0x019A064DF20B5FD203FA7DE31EBF8F3937074820F33A1C3552D9D0220B46E9673DA8BF00845FE6F83941B3B5529E1A40C3AF8E4E9E1131B843A64A9CD1261862F8,student,4-year college,family,friend/family,computer,"SMS,Skype",none,NULL,none,Engineering,AIEP_SU17C
0x01BD559440E71617CB8A0B47189A51AF286E5E42CCFB336541C9B7C16AF02B4814B6D8C22AA7603170CD85DA4E6801628FFF7A9B50880677D81EE70BA91DAE5C62,working,return to home country,family,agent,computer,"SMS,social websites",none,NULL,iBT-TOEFL,Business/Finance,AIEP_SU17C
0x018FFCBC585DA549DC29287E75F18415787B76B5587EE9851302BB75470521A41796718DCD8A09C78ACBF96F4ABA854B10EC401BE3800E96E0B8A01301C0643699,student,return to home country,family,Internet,"computer,mobile device","SMS,social websites",none,NULL,iBT-TOEFL,Other: Politics and Communication Science,AIEP_SU17C
0x0177380E3BCAFA065F287BBEBA43FFCBA417E508E9231BB2892258DD470875EC632AB9D8F05C78F25E64A39782E48F1FBFF7201167FDA7617190BB3FC8EEE2A257,student,return to home country,family,advisor,"computer,mobile device","SMS,social websites",none,NULL,"iBT-TOEFL,TOEIC",Business/Finance,AIEP_SU17C
0x01C18AD8C5697CA81C9C15E9C5BB66709BBC6226B3BF00BDAD48E599600D0DBA8FCCB58A3962EAD2A77EA4FFA90FC292F681C68F7EE9220518EB7DE9ABD7E71091,student,return to home country,family,agent,computer,SMS,TOEIC,590,TOEIC,Business/Finance,AIEP_SU17C
0x014E50F93B491891149F698EFF99979FA6B159D99A24C79DE6C6C71842B61C908577030CB300E51C38AA9154B6E88FA2C1825892B47E102B5A9F9DD5014E4085E9,student,return to home country,family,Internet,"computer,mobile device","SMS,social websites",TOEIC,800,iBT-TOEFL,Business/Finance,AIEP_SU17C
0x01751D2C8D1739519FCAA45C4F29DAB5DB4267EEC78B403D7410284C4E12A8CD9E88994170BC2E1415C04FC24C8F40267591A99423F09A7DCCE6C38D0DE51D6AC7,other,MA or PhD,family,ALC student,"computer,mobile device","SMS,social websites",none,NULL,none,Engineering,AIEP_SU17C
0x01DBC64DA006422F97A525DDC3416A48259415FEBC86602989CF27D15660401565397FC6FE222F23D77AB06B5E3C0358C81BFC8D962D92C829BD642EF9229D3015,working,UNEX certificate,self,ALC student,"computer,mobile device","SMS,social websites",none,NULL,iBT-TOEFL,Business/Finance,AIEP_SU17C
0x01BF2DE7BED4C69B1318288BAE67B97B0B6179F6D4C26128A6740E9F13F24713DF23DB06FA45696EF2F83F883D6267D5AD03ECD17418D70117A0F42AD4063E5877,student,return to home country,family,advisor,"computer,mobile device",SMS,none,NULL,TOEIC,Education,AIEP_SU17C
0x01403C42B626841056F9F25FCD49BD369DB1BA60376DA7F51EC1B6304A547B0157E75309039DFF5D0D33D372146355A99FA8248719113322483E470456A4582659,student,return to home country,family,advisor,"computer,mobile device",social websites,none,NULL,none,Business/Finance,AIEP_SU17C
0x012260E2CC56C244A3FFA99CDAA2479F8924E5FF3EBC92BA18EF803CCFBD979A6B990CF18ABD70D9C90865C006DA2C287CA54A54B5C92431C22131F4BCCA033D42,student,return to home country,family,advisor,computer,SMS,none,NULL,iBT-TOEFL,Other: Political Science,AIEP_SU17C
0x0173189A3C62B84342CEED14A9BFE4D903169B217653159B5A3FA1107ED8E0EA6EA042F0BE711699AFA22D4CD29F4BEE8711C1E847C2EF35D97007B35E1731A330,student,return to home country,family,advisor,"computer,mobile device",SMS,none,NULL,none,Education,AIEP_SU17C
0x01878DF3A7805C04CFE556A25564B4EF1BA8E6853C3ED2A11230B5F96CFFE58E0D7DE63439DDBC9209A9CA39732F5507C1CDA22C9EDB905669C90530027DD581D6,student,return to home country,family,Internet,mobile device,SMS,none,NULL,iBT-TOEFL,Engineering,AIEP_SU17C
0x0104EB63DC3B900114BFCCC7B764A64A1E5E4990279B5099557B25682AD043C149A2A628C65861040DE641AB3FEED1CF163C0A08E7F12E77ED250DEBBDE8C17297,student,return to home country,family,advisor,"computer,mobile device","email,social websites",none,NULL,"iBT-TOEFL,TOEIC",Business/Finance,AIEP_SU17C
0x014CA7191821FADA1B2F7B240CF7971FF6B122882CEE2016FE4F624E713CE2A6BE5487C316C2785110B6BEA7D7B706A6BE576452F1CD031759922792C37694188C,student,return to home country,self,friend/family,computer,"email,social websites",none,NULL,iBT-TOEFL,Law,AIEP_SU17C
0x0144CA2A3560596F94F221FA25CD7C24EE553169247EA1C2982C8EE9552408CC91F69DE11ECAA1B56E52FEE7AE52CAF634AC98E334D10361A9B5D5A2BBA6FD81B8,working,MA or PhD,self,Internet,"computer,mobile device","email,social websites",iBT,97,none,Other: Public Policy,AIEP_SU17C
0x01B973942B5962A3F62B7119B80F6340F60BB7508FF4A340B34DB054BB1273289A035011CF5E2E7D31AC5EB8DF9C4415D557A527E1681510D66415B62737E33745,student,return to home country,university,advisor,"computer,mobile device",social websites,TOEIC,615,TOEIC,Other: History,AIEP_SU17C
0x01B8FED11B745D9F04D51BE8E7A246C028B3FAEC5AD3C94495F516CFD75F3F8F4D3F9F9668368D53009B368D8FB3505647ED7A665234FCC2686F646D6B7C08DD10,student,return to home country,family,Internet,mobile device,social websites,none,NULL,TOEIC,Other: Language,AIEP_SU17C
0x01C7548C3049422AC29240559CCB2C016917F71BB443851ADC94B58CDBECE57290FC0B29FE9295C9E2FB5BE99B168819065D3BF1E16DFA5C5B45B14D2C098DC7A5,student,return to home country,family,Internet,mobile device,social websites,none,NULL,none,Other: Language,AIEP_SU17C
0x01BAAF7BF32A400CE6E61C405A5104219155AB81ABCCCC98FC4532E92188B1983FB4CC5E4EE23317476BA2BE0565860760E04E31431ECD885554B35D7DE8216ECD,working,return to home country,family,friend/family,mobile device,social websites,TOEIC,550,TOEIC,Business/Finance,AIEP_SU17C
0x01975525BAE7FBD186E575FA2F62B47C07DF3BBCCA8B68D9EBDB4EA821976F6998BBC6D9381C2C754AB0A0C4A4DD9FD23A766530829F5BE24871F30F9AB4129989,working,UNEX certificate,family,friend/family,computer,SMS,none,NULL,iBT-TOEFL,Art/Architecture/Design,AIEP_SU17C
0x015CAC5E78530D9581EA53CB46C61703F46E1EA4FFEED345F50AE058F8559FDE2396697FC82D74817C12D05DE2C919D1582158E95156AC8806C55C0F03FE0DFAC3,student,return to home country,family,advertisement,"computer,mobile device",SMS,none,NULL,none,Other: Sociology,AIEP_SU17C
0x0156DE3BADEA0D52C8458C437AB0E9CB08649F33C4AB1B07D83FD264A0CB9340811C0C9A3EA33D3A243DBB01F6835E0E5BBC5CBC4FF867970D79F293C8AF7A0CA6,student,return to home country,family,advisor,"computer,mobile device",social websites,none,NULL,TOEIC,Other: Sociology,AIEP_SU17C
0x012CD0D9CC1131486C3F9E015AF02846E2340FF97027587044A4553A42628D3476B8F13C345FDF1AE5440AFC2B20E018D7BB8A7FE228FCFD81094C32DFDA442007,working,MA or PhD,self,ALC student,"computer,mobile device","email,SMS,social websites",iBT,95,none,Other: Public Policy,AIEP_SU17C
0x018BA638753747E52872262A24B20D05E15F49AB099534A1BD51CC864A64FCAB3E54FDF812CCF95633D70BF354D718C0DFFA0315A21B4F2FE76A0F91F99C8E37BA,student,return to home country,family,advisor,"computer,mobile device",social websites,none,NULL,TOEIC,Law,AIEP_SU17C
0x01D4A97D033FB5797D2C6188145526DC2E22F2C424DD3AA70958E55034A91F6990956D62708CDCD442F5A71F677ACC70B588C91D20A78C25115A6BB4E01C580156,student,4-year college,family,friend/family,mobile device,social websites,none,NULL,iBT-TOEFL,Business/Finance,AIEP_SU17C
0x01BB220C69156BEC6E1688152BD50BF8AC60380E147B155B5C561479190BB8E55E1882D4D81DA1D9A1B31C4CAC3349D75049AAD13E4E2EE5E74852976B4B7A7474,student,MA or PhD,family,advertisement,"computer,mobile device","SMS,social websites",iBT,86,iBT-TOEFL,Engineering,AIEP_SU17C
0x0187E08BB8CE0F1D3252AAECB31F2AE0E4C9FDB8BD523CB061BCF632076DB5CE2485C6D78039CE99A37DD69CD927B938BA4BFCB0BE34754662108D8F7121F38718,student,return to home country,family,agent,"computer,mobile device","email,SMS",none,NULL,iBT-TOEFL,Business/Finance,AIEP_SU17C
0x014F9C16A6173BB4111404535A59D021B9D7A3D8809672C9228F46AB38A6E910778C871AF85FB50647F8A97414C3FF7C8A03698C420B1B8AB8E2AF3BDA835039E7,student,return to home country,family,advisor,"computer,mobile device","SMS,social websites",none,NULL,iBT-TOEFL,Business/Finance,AIEP_SU17C
0x01F48175F70E17788B7C4529B4061DF8513D80CBEFA20BC8CCD7FADAD36A1BC5EE49AE3056F31581E9EDCB16BD9E70FCA003B284BF871C971629D19E49AF508694,working,2-year college,family,NULL,mobile device,SMS,none,NULL,iBT-TOEFL,Business/Finance,AIEP_SU17C
0x018BAB894184F073F6932B25A633B9213F800273930C27B84961800BDE0A5B4B2456B54550DECBA3E46E7E40331739E804EA392BD89BB51214BEA3BA2C5EACA90F,student,return to home country,family,Internet,"computer,mobile device",SMS,none,NULL,none,Art/Architecture/Design,AIEP_SU17C
0x01B7089B771B260EC2BC3470B0E9E7B144B3E1D1719FDC9F6342CCA3A367D59D5492F6E12D7B6DB62FE2C13C6C0CA51ED16D27FDAE04BDC79CB8E7A97BF7F645F3,student,return to home country,family,advisor,"computer,mobile device",SMS,none,NULL,none,Law,AIEP_SU17C
0x01FE572899032D98AD85E610067B9D2B94A96C1223B9C2380E44C79692654B0B5C2CBA8D43FEC283B1EF3E1CBE960210A6B34A2D7578AB7AD296313469490DC403,student,return to home country,family,Internet,"computer,mobile device",SMS,"iBT,TOEFL",84 ; 84,iBT-TOEFL,Other: Sociology,AIEP_SU17C
0x012F7F2B8F2A419A6FC2861BEA96CA1B8CB1170D08168A8DB3D2D99575E630B7AB5E10287FBA4FD427AA0F10BDD8EE5CF86041D67745B8FE68B7BF0BD18D8368B1,student,return to home country,family,advisor,mobile device,social websites,none,NULL,iBT-TOEFL,Other: Informational Technology,AIEP_SU17C
0x01DA9D8D319331B293C63C7BB75D937826DB516C0BB5E671D5A68784D77E74FF37CC32BAC6DC7869202354D23CCC2582309453D3978A288A32789DDCBB5A66A2F2,student,return to home country,university,advisor,mobile device,social websites,none,NULL,iBT-TOEFL,Education,AIEP_SU17C
0x011B887D6E477D2AFB3472349BA4C3D4E12B244B5AB5D33AE37ABCB910B2B5615277B0C977B3038939401A3A24CA14EE9779D927DA0BCC255145D8DC80B8376D56,working,MA or PhD,self,advisor,"computer,mobile device","email,social websites",none,NULL,none,Other: Public Policy,AIEP_SU17C
0x01A6051981BD31600DDBA629E12C02624F3CBC748BD4B1A395973BAEA996F786A1C027B3D06690174C2F79130B82177C1DBCB2B35B814299A31CF56C95BF7C7CA9,student,return to home country,family,Internet,"computer,mobile device","email,social websites",none,NULL,iBT-TOEFL,Engineering,AIEP_SU17C
0x0124DD20A805E31126F1387A93F29CF66C19B3AB67DE1E3D4072D9191B821A3CECD46825E830D0C76A7F8F83F4ECA1C6CD0332E9CFD15FB66E0C1A3DCD66521B73,working,MA or PhD,self,ALC student,"computer,mobile device","email,SMS,social websites",none,NULL,none,Other: Public Policy,AIEP_SU17C
0x011227709FF83ACAAE03D7025001D5FDB18B3406828CE562A26E73DDEA49FEC520E6E879776F341A1839CBCF7DE3D76175BAEAD58586A6AD4036225FBDE86D1BD2,student,return to home country,"family,university",advisor,"computer,mobile device","email,SMS,social websites",TOEIC,695,TOEIC,Business/Finance,AIEP_SU17C
0x0111C355B7EF73BA81216020C6EB16E075E3AD3D811E8750CC923BD9785DB4FDC952EF2EEDAEED4A346BE4C1ABB0E7E8C6C38528A51EA6BEE07BDBE87139E25289,working,UNEX certificate,self,Internet,"computer,mobile device","email,SMS,social websites",none,NULL,iBT-TOEFL,Business/Finance,AIEP_SU17C
0x0159EC6A61F8881E5A891D600908F5CC858DA027471DE6B8653A330E0D398597B32DF446BC4679D14E2ECC5A41B1AB9CB9BE94A9B54F77F8D6DB5357FEA3A4867F,working,MA or PhD,self,ALC student,"computer,mobile device",SMS,none,NULL,none,Other: Public Policy,AIEP_SU17C
0x011F1B241C14F02CE926EBEC152C1B2881CFB1BFACB697BF67AD4EA76976D98DB212CE34769F49EB317B45D44F80D0E0294AC6AF77BC0F7505E66EBF8D3F9229DD,student,return to home country,university,advisor,"computer,mobile device","email,social websites",none,NULL,"iBT-TOEFL,IELTS",Other: International Relations,AIEP_SU17C
0x013E5B4B2AD082DCD8BB0011EDB435693C76ACB42978BF175E6516C7835D25AC9370E98B9131577FA387AF868F030269245C10ADCC84F925ECD127CCF0ACED0E89,student,return to home country,family,advisor,computer,social websites,none,NULL,TOEIC,Other: Computer Science,AIEP_SU17C
0x012CC675D88C58FD0B131CA1A880F3850BDEB740113CCC7BFAFFE1C93B7F17E09D102CDA00AF2F343208F139E1C20DBD108D48956AA37C03CA424547AE8ED4255A,working,UNEX certificate,family,friend/family,"computer,mobile device","SMS,social websites",none,NULL,iBT-TOEFL,Other: Entertainment/Film/Media,AIEP_SU17C
0x0101A09440AE821DCE25A82562D95BC138637FC0AF42369E0E7DCFBA710C9A393DDD20E40FD0FDD0AEDC70002A877895DAC680F35D9A3F9CC3134F351319A7108B,student,return to home country,family,advisor,"computer,mobile device",SMS,none,NULL,iBT-TOEFL,Education,AIEP_SU17C
0x018D6B97234F1D13CBF4CB383683066A50A783B703445A2E5BBB57528CACCBE0C35ADA5D119A67BF85E871A3D060BD04CB43A99842BB1DA54B0ACD1D8D9F4406C4,student,return to home country,family,agent,mobile device,"email,social websites",none,NULL,"iBT-TOEFL,TOEIC",Business/Finance,AIEP_SU17C
0x01E9B18A8FF56BC40339A15D4532789C62683DFDAFA19B4D777D76478512211E23515586B3B15109D29014AA309BD46A4359B00CF74FE2C27807E0F8DE852B7B73,working,UNEX certificate,self,friend/family,"computer,mobile device",SMS,none,NULL,iBT-TOEFL,Other: Computer Science,AIEP_SU17C
0x01DA98B82A3CBEE58E87E3F00125D013CA23F1C1FFDBE3E46BB64F8C76ED88E16066C0D20DC4B899933A51ECDBE1E95936F9B919A281FBADCD6C1E817793F90CC4,student,return to home country,university,advertisement,mobile device,social websites,none,NULL,IELTS,Other: International Relations,AIEP_SU17C
0x010E5D6F1868D31612461B7DC1CC9ECE1743DAC34844088EDC3176026CB20C78ED4BCC6D807F4F506F29874234B8D1B12BC17C648270E6DF4260534DC04AC7ADBE,working,MA or PhD,self,Internet,"computer,mobile device",social websites,none,NULL,none,Other: Public Policy,AIEP_SU17C
0x01011B94B484DA0EC7B8796483B364B69F2E7D3A30ED392F07D5B360F510C31CA04CEA24E175DF1274AB256DCC88A1B2EA2E101466E029F96FF4ABF2573290504E,student,return to home country,family,Internet,computer,SMS,none,NULL,TOEIC,Business/Finance,AIEP_SU17C
0x0198B25CA365B382B1AF4022CBFDCADEFCD7F7CC16822A35FD3668F87A0611737C9725D04BA167FF9F1542BA2B95EDF5CA5342334C7D3DBC773B7167B15526ADC0,student,return to home country,family,advisor,"computer,mobile device",SMS,none,NULL,none,Education,AIEP_SU17C
0x01A71B3E7C303B72B9813C8F7331937776D231DB5BC22D66949A3249B04D540A36B4EF8EC961C55D3639E3E6E04F32A20D4B4A75DA02959D53BE59FB7C7D403047,student,return to home country,family,friend/family,mobile device,SMS,none,NULL,iBT-TOEFL,Engineering,AIEP_SU17C
0x01EACB339B7CAE1ADC176CA3220E249949F19398D5362652E0F5A2AD3EDBE3EA059844CD3602B561AFE29BB2166FC843CD523DD537BE32292F98DD10C6785BB60B,working,MA or PhD,company,Internet,"computer,mobile device","email,SMS",none,NULL,"iBT-TOEFL,IELTS",Business/Finance,AIEP_SU17C
0x0168F679370D59B372535C7C76E544D95C1FDE53E2FE22213376AD333B090615B69A9D9C30AEA058A6D0CD3136465259120A4107878E38A4975463C96B6BC18D97,student,return to home country,family,ALC student,"computer,mobile device",SMS,"TOEFL,TOEIC",85 ; 830,iBT-TOEFL,Other: Communications/Journalism,AIEP_SU17C
0x0164C6A1E3B88F7641D4E51E986A0A30DB3DBF599C17F5F450CDCD49359F690C63BC9026F2E2ADC6EB4969478D5BD786295FBCB0744362F3BABC0324BFA9C5E53C,student,return to home country,family,advisor,"computer,mobile device",SMS,none,NULL,IELTS,Other: Interpretation/Translation,AIEP_SU17C
0x01D61D6A5AE0BCEC1742116600CBEB6B949EF5F579F8D1863FC71268C9107B2A08BD601AD3C7F5F96B5327416419913BE209B6534F09A264DFFE86D2881B04731F,"student,working",return to home country,self,Internet,"computer,mobile device",SMS,none,NULL,none,Business/Finance,AIEP_SU17C
0x0179488E2D56F715D681AD2048BF9106D16332326F5F575CAD634579051B8E868E972013DC0EE871FC3B01F70BC1E84C77E658AF9D120D0AC41FED62394A7ACBCF,student,return to home country,family,advisor,"computer,mobile device","email,SMS,social websites",TOEIC,810,"iBT-TOEFL,TOEIC",Other: Global Politics,AIEP_SU17C
0x0198183D519C2D4ECF08D85E4F05E596218AA355B6438B94078C389B304818F494591DC1CD2F1D5CE4E84388D63DBEAD97BA47292962340C596C4A626D41C8FED2,working,MA or PhD,family,friend/family,"computer,mobile device",SMS,none,NULL,TOEIC,Other: Hospitality Management,AIEP_SU17C
0x01F318F23C67223B70F1407654C75EDD33337BA655CA5A4C520C2BE50B9BEB4E6BAA249C66E407B0E2712CC2076BDB7358189564946C691ABA909D84FCA4AE4CC5,student,return to home country,family,Internet,computer,"email,SMS,Skype",none,NULL,TOEIC,Other: Environmental Politics,AIEP_SU17C
0x01A3422DA4E3B233522D4BC667740A0A4B2B1D404B1A9762F3575A28E3BEFD272EF65C060BC10B8DA82BE0D7D51DD6D07FDB3E9564DC29474C2E71CAF0706659A3,student,4-year college,family,Internet,"computer,mobile device","SMS,Skype,social websites",none,NULL,iBT-TOEFL,Art/Architecture/Design,AIEP_SU17C
