ID_encrypt,Collector_ID,Start_Date,End_Date,IP_Address,My_9_00_11_00_AM_teacher_is_1_,My_general_evaluation_of_my_9_00_11_00_am_teacher_is_1_,My_general_evaluation_of_my_9_00_11_00_am_course_is_1_,My_9_00_11_00_am_teacher_is_organized_and_prepared_1_,My_9_00_11_00_am_teacher_gives_interesting_activities_1_,My_9_00_11_00_teacher_explains_things_clearly_1_,My_9_00_11_00_am_teacher_answers_questions_well_1_,My_9_00_11_00_am_teacher_gives_students_chances_to_participate_in_class_1_,How_satisfied_were_you_with_the_textbooks_used_in_this_course_1_,How_satisfied_were_you_with_the_handouts_and_other_materials_used_in_this_course_1_,What_do_you_like_about_your_9_00_11_00_am_teacher_class_1_,What_changes_would_make_this_class_better_1_,My_11_00_12_00_teacher_is_2_,My_general_evaluation_of_my_11_00_12_00_teacher_is_2_,My_general_evaluation_of_my_11_00_12_00_course_is_2_,This_11_00_12_00_teacher_is_organized_and_prepared_2_,The_11_00_12_00_teacher_gives_interesting_activities_2_,This_11_00_12_00_teacher_explains_things_clearly_2_,My_11_00_12_00_teacher_answers_questions_well_2_,My_11_00_12_00_teacher_gives_students_chances_to_participate_in_class_2_,How_satisfied_were_you_with_the_textbooks_used_in_this_course_2_,How_satisfied_were_you_with_the_handouts_and_other_materials_used_in_this_course_2_,What_do_you_like_about_your_11_00_12_00_teacher_class_2_,What_changes_would_make_this_class_better_2_,My_Monday_Wednesday_afternoon_class__1_00___3_00_pm__is_3_,My_general_evaluation_of_my_teacher_is_3_,My_general_evaluation_of_this_course_is_3_,This_teacher_is_organized_and_prepared_3_,The_teacher_gives_interesting_activities_3_,This_teacher_explains_things_clearly_3_,This_teacher_answers_questions_well_3_,This_teacher_gives_students_chances_to_participate_in_class_3_,How_satisfied_were_you_with_the_textbooks_used_in_this_course_3_,How_satisfied_were_you_with_the_handouts_and_other_materials_used_in_this_course_3_,What_do_you_like_about_this_teacher_class_3_,What_changes_would_make_this_class_better_3_,My_current_Tuesday_Thursday_elective_is_4_,My_general_evaluation_of_this_teacher_is_4_,My_general_evaluation_of_this_course_is_4_,This_teacher_is_organized_and_prepared_4_,This_teacher_gives_interesting_activities_4_,This_teacher_explains_things_clearly_4_,This_teacher_answers_questions_well_4_,This_teacher_gives_students_chances_to_participate_in_class_4_,How_satisfied_were_you_with_the_textbooks_used_in_this_course_4_,How_satisfied_were_you_with_the_handouts_and_other_materials_used_in_this_course_4_,What_do_you_like_about_this_teacher_class_4_,What_changes_would_make_this_class_better_4_,My_current_Monday__Thursdayclass_is_5_,My_general_evaluation_of_this_teacher_is_5_,My_general_evaluation_of_this_course_is_5_,This_teacher_is_organized_and_prepared_5_,This_teacher_gives_interesting_activities_5_,This_teacher_explains_things_clearly_5_,This_teacher_answers_questions_well_5_,This_teacher_gives_students_chances_to_participate_in_class_5_,How_satisfied_were_you_with_the_textbooks_used_in_this_course_5_,How_satisfied_were_you_with_the_handouts_and_other_materials_used_in_this_course_5_,What_do_you_like_about_this_teacher_class_5_,What_changes_would_make_this_class_better_5_,_How_satisfied_are_you_with_the_AIEP_program_in_general__6__,_Since_enrolling_at_the_ALC__how_much_have_your_listening_skills_improved_6__,_Since_enrolling_at_the_ALC__how_much_have_your_speaking_skills_improved_6__,_Since_enrolling_at_the_ALC__how_much_have_your_grammar_skills_improved_6__,_Since_enrolling_at_the_ALC__how_much_has_your_knowledge_of_vocabulary_and_idioms_improved_6__,_Since_enrolling_at_the_ALC__how_much_has_your_knowledge_of_American_culture_improved_6__,_Since_enrolling_at_the_ALC__how_much_have_your_pronunciation_skills_improved_6__,How_satisfied_are_you_with_the_academic_counseling_6_,How_satisfied_are_you_with_the_academic_counseling_Comment_6_,How_satisfied_are_you_with_the_visa_counseling_office_6_,How_satisfied_are_you_with_the_visa_counseling_office_Comment_6_,How_satisfied_are_you_with_the_Lindbrook_office_staff_6_,How_satisfied_are_you_with_the_Lindbrook_office_staff_Comment_6_,_How_satisfied_are_you_with_help_from_the_main_ALC_office__applications__enrollment_housing_6__,_How_satisfied_are_you_with_help_from_the_main_ALC_office_applications__enrollment_housing_comment_6_,How_satisfied_are_you_withUSATours_6_,How_satisfied_are_you_withUSATours_comment_6_,_In_Los_Angeles__I_am_living_6__,_In_Los_Angeles__I_am_living_comment_6__,_In_my_opinion__my_housing_was_6__,_In_my_opinion__my_housing_was_comment_6__,Will_you_recommend_ALC_to_your_friends_6_,Will_you_recommend_ALC_to_your_friends_comment_6_,Quarter
0x011A7F786DFBB56AB100EB530AFE883AE438A412E37924DC29EA3B447F408B5BF03DD2ACABFC0BF1C078B4F07D5B944AF48FCC8181534AB7EC881C851EBF8FF20B,160024543,8/4/2017 8:44,8/4/2017 8:48,104.175.175.102,David Chrisman(104.2 Grammar/Writing),Very good,Very good,I strongly agree,I somewhat agree,I strongly agree,I strongly agree,I strongly agree,Very satisfied,Very satisfied,NULL,NULL,Shelley Reece (104.2 Reading & Discussion),Very good,Very good,I strongly agree,I strongly agree,I strongly agree,I strongly agree,I strongly agree,Somewhat satisfied,Somewhat satisfied,NULL,NULL,Kyle Duncan(Public Speaking),Very good,Very good,I strongly agree,I strongly agree,I strongly agree,I strongly agree,I strongly agree,N/A (We did not use a textbook in this class),Somewhat satisfied,NULL,NULL,Fawzia Mohamed(104 TOEFL),Very good,Very good,I strongly agree,I strongly agree,I strongly agree,I strongly agree,I strongly agree,Somewhat satisfied,Very satisfied,NULL,NULL,NULL,NULL,NULL,NULL,NULL,NULL,NULL,NULL,NULL,NULL,NULL,NULL,A,A- a lot,B- some,A- a lot,A- a lot,B- some,B- some,A- very satisfied,NULL,A- very satisfied,NULL,E- did not use,NULL,E- did not use,NULL,E- did not use,NULL,with a homestay family,NULL,A- very good,NULL,Yes,NULL,AIEP_Summer_2017_B_Evaluations
0x0196479F92D049A8A77253BE538D698BE1EFEE685229D6923F12AC8BE82DC7037B78D4088B9495CAF053E2B0F863358EEFF213C4947C9F2150AE47545CD1FD11F6,160024543,8/2/2017 19:04,8/2/2017 19:17,172.58.21.202,Micheal Thomas(407 Reading/Writing),Very good,Somewhat good,I strongly agree,I somewhat agree,I strongly agree,I strongly agree,I strongly agree,N/A (We did not use a textbook in this class),Very satisfied,I really liked the discussions. I found them interesting.,More group activities would be better.,Kyle Duncan(407 Grammar Workshop),Very good,Very good,I somewhat agree,I strongly agree,I strongly agree,I strongly agree,I strongly agree,Somewhat satisfied,Very satisfied,The teacher has a particular way to teach that makes it interesting and makes you participate a lot.,"nothing ",Kyle Duncan(Public Speaking),Very good,Very good,I somewhat agree,I strongly agree,I strongly agree,I strongly agree,I strongly agree,N/A (We did not use a textbook in this class),Very satisfied,This class was so useful for me. I like the technic the teacher use to help us to speak in public.,"nothing ",Joan Stein (Academic Vocabulary),Very good,Very good,I strongly agree,I strongly agree,I strongly agree,I strongly agree,I strongly agree,N/A (We did not use a text book in this class),Very satisfied,"The teacher has a lot of patience. Sometimes we would play games which were really entertaing and useful to practice the new vocabulary. ",absolutely nothing,NULL,NULL,NULL,NULL,NULL,NULL,NULL,NULL,NULL,NULL,NULL,NULL,A,B- some,B- some,A- a lot,A- a lot,A- a lot,A- a lot,E- did not use,NULL,B- somewhat satisfied,They took a long time to answer questions about the visa.,A- very satisfied,NULL,A- very satisfied,NULL,E- did not use,NULL,"at a UCLA dormitory (Rieber Hall, Saxon Suites, etc.)",NULL,A- very good,NULL,Yes,NULL,AIEP_Summer_2017_B_Evaluations
0x01C43B7063975DB80B07DE01E3488B32E54BD90B191C170FBF0F8F93A625A32FA7AE5896C285A8BCFFCF5CF0E4EBFE47D59B0B4C1D3B6E0D3A9BC070DB77A8CF40,160024543,8/2/2017 13:52,8/5/2017 0:17,131.179.60.212,Bella Anikst (101.1 Grammar/Writing),Very good,Very good,I strongly agree,I strongly agree,I strongly agree,I strongly agree,I strongly agree,Very satisfied,Very satisfied,everything is good,no  it is all great,Scott Gist(101.1 Listening & Speaking),Very good,Very good,I strongly agree,I strongly agree,I strongly agree,I strongly agree,I strongly agree,Very satisfied,Very satisfied,good,good,Claudine Simha(101.1 Reading/Discussion),Very good,Very good,I strongly agree,I strongly agree,I strongly agree,I strongly agree,I strongly agree,Very satisfied,Very satisfied,all is good,it is great,NULL,NULL,NULL,NULL,NULL,NULL,NULL,NULL,NULL,NULL,NULL,NULL,NULL,NULL,NULL,NULL,NULL,NULL,NULL,NULL,NULL,NULL,NULL,NULL,NULL,NULL,NULL,NULL,NULL,NULL,NULL,NULL,NULL,NULL,NULL,NULL,NULL,NULL,NULL,NULL,NULL,NULL,NULL,NULL,NULL,NULL,NULL,AIEP_Summer_2017_B_Evaluations
0x0183AAAFA716754010192836CD1301A2F9349720E7EDC09535EE6090698368D466BA7DAA4E0E90BBEF9EF276F97EA448E241BFDC253E107A5A98EFE46647E57EE6,160024543,8/2/2017 11:10,8/2/2017 11:15,131.179.58.89,Micheal Thomas(407 Reading/Writing),Very good,Very good,I strongly agree,I strongly agree,I somewhat agree,I strongly agree,I strongly agree,N/A (We did not use a textbook in this class),Very satisfied,NULL,NULL,Kyle Duncan(407 Grammar Workshop),Somewhat good,Somewhat good,I somewhat agree,I strongly agree,I strongly agree,I strongly agree,I somewhat agree,Very satisfied,Somewhat satisfied,NULL,NULL,I have the same class everyday (TOEFL of IELTS),NULL,NULL,NULL,NULL,NULL,NULL,NULL,NULL,NULL,NULL,NULL,NULL,NULL,NULL,NULL,NULL,NULL,NULL,NULL,NULL,NULL,NULL,NULL,Julie Norminton (105 IELTS),Very good,Very good,I strongly agree,I strongly agree,I strongly agree,I strongly agree,I strongly agree,Very satisfied,Very satisfied,NULL,NULL,B,B- some,C- not much,B- some,B- some,B- some,C- not much,B- somewhat satisfied,I want you to have speaking workshop because I am not good at speaking.,B- somewhat satisfied,NULL,B- somewhat satisfied,NULL,B- somewhat satisfied,NULL,B- somewhat satisfied,NULL,"at a UCLA dormitory (Rieber Hall, Saxon Suites, etc.)",NULL,B- somewhat good,NULL,Yes,NULL,AIEP_Summer_2017_B_Evaluations
0x0119C25C9AB450B60C2F9E6529A3EDB485423C5330A5EF9C7FBC6D2CC146F9AEF8F2E84B0F429A070737F11F3977401469C60CC6A2227E96CC1E8B8A7CB07BB2E1,160024543,8/2/2017 11:01,8/2/2017 12:29,131.179.60.171,Claudine Simha(102.1 Grammar/Writing),Very good,Very good,I strongly agree,I strongly agree,I strongly agree,I strongly agree,I strongly agree,Very satisfied,Very satisfied,Film and music,It's a nice grammar class!,David Chrisman(102.1 Listening & Speaking),Very good,Very good,I strongly agree,I strongly agree,I strongly agree,I strongly agree,I strongly agree,Very satisfied,Very satisfied,Can practice pronunciation,It's a nice class!,Tom Wilde(102.1 Reading/Discussion),Very good,Very good,I strongly agree,I strongly agree,I strongly agree,I strongly agree,I strongly agree,Very satisfied,Very satisfied,Story and presentation,All of the class are wonderful.,Gene Kavenoki(Current Events),NULL,NULL,NULL,NULL,NULL,NULL,NULL,NULL,NULL,NULL,NULL,NULL,NULL,NULL,NULL,NULL,NULL,NULL,NULL,NULL,NULL,NULL,NULL,A,A- a lot,A- a lot,B- some,A- a lot,B- some,A- a lot,A- very satisfied,NULL,A- very satisfied,NULL,B- somewhat satisfied,NULL,B- somewhat satisfied,NULL,B- somewhat satisfied,NULL,"at a UCLA dormitory (Rieber Hall, Saxon Suites, etc.)",NULL,A- very good,NULL,Yes,NULL,AIEP_Summer_2017_B_Evaluations
0x01F73E877D22D4B6B69D69DDE160A961638FA5A007CCF8FB97DBDAD1039C30113AF581D059E4062ED512E61D910568BC46BB166F0B8E9D4C370FA12CAB9F4BDA2D,160024543,8/2/2017 10:45,8/2/2017 10:55,131.179.58.71,Joan Stein(103.1 Grammar/Writing),Very good,Very good,I strongly agree,I strongly agree,I strongly agree,I strongly agree,I somewhat agree,Very satisfied,Very satisfied,I like 9:00-11:00 because the class are very clear and good organized,Nothing,Michael Daniels(103.1 Reading & Discussion),Very good,Very good,I strongly agree,I strongly agree,I strongly agree,I strongly agree,I strongly agree,Very satisfied,Very satisfied,All,Nothing,Ben Goldberg(103.1 Listening & Speaking),Very good,Very good,I strongly agree,I strongly agree,I strongly agree,I strongly agree,I strongly agree,Very satisfied,Very satisfied,All,Nothing,Joan Stein (Academic Vocabulary),Very good,Very good,I strongly agree,I strongly agree,I strongly agree,I strongly agree,I strongly agree,Very satisfied,Very satisfied,All,Nothing,NULL,NULL,NULL,NULL,NULL,NULL,NULL,NULL,NULL,NULL,NULL,NULL,A,A- a lot,A- a lot,A- a lot,A- a lot,A- a lot,A- a lot,A- very satisfied,NULL,A- very satisfied,NULL,A- very satisfied,NULL,A- very satisfied,NULL,A- very satisfied,NULL,with family/relatives,NULL,A- very good,NULL,Yes,NULL,AIEP_Summer_2017_B_Evaluations
0x0177296CA3F84D9C18ED310B619ABFB87C2D2F6A1B45205249FB9B0424D5C9DB428E9D6AF0E5789E843E0CAE766AB17143F7A697C89EC81DA3B3481BCBDCC5C241,160024543,8/2/2017 10:28,8/2/2017 10:37,131.179.58.32,Lana Koyadinovich(103.2 Grammar/Writing),Very good,Very good,I strongly agree,I strongly agree,I strongly agree,I strongly agree,I strongly agree,Very satisfied,Very satisfied,NULL,NULL,Gene Kavenoki(103.2 Reading & Discussion),Very good,Very good,I strongly agree,I strongly agree,I strongly agree,I strongly agree,I somewhat agree,Very satisfied,Very satisfied,NULL,NULL,Michael Daniels(103.2 Listening & Speaking),Very good,Very good,I strongly agree,I strongly agree,I strongly agree,I strongly agree,I strongly agree,Very satisfied,Very satisfied,NULL,NULL,Gene Kavenoki(Current Events),Very good,Very good,I strongly agree,I strongly agree,I strongly agree,I strongly agree,I strongly agree,Very satisfied,Very satisfied,NULL,NULL,NULL,NULL,NULL,NULL,NULL,NULL,NULL,NULL,NULL,NULL,NULL,NULL,A,A- a lot,B- some,A- a lot,A- a lot,A- a lot,A- a lot,A- very satisfied,NULL,A- very satisfied,NULL,A- very satisfied,NULL,A- very satisfied,NULL,B- somewhat satisfied,NULL,"at a UCLA dormitory (Rieber Hall, Saxon Suites, etc.)",NULL,B- somewhat good,NULL,Yes,NULL,AIEP_Summer_2017_B_Evaluations
0x017A1300077CBBFCD454010EFF0607AED8F806FC5B9F4E80BCD7D1046B5B6E129B1980222DEB9DDEC9D42E44F8FE649BB54297F37C7545BDF43C3122F3AFB7FE4B,160024543,8/2/2017 10:13,8/2/2017 10:21,172.58.21.107,Bella Anikst (101.1 Grammar/Writing),Very good,Very good,I strongly agree,I somewhat agree,I strongly agree,I strongly agree,I strongly agree,Somewhat satisfied,Somewhat satisfied,NULL,NULL,Scott Gist(101.1 Listening & Speaking),Somewhat good,Somewhat good,I strongly agree,I somewhat agree,I strongly agree,I strongly agree,I strongly agree,Somewhat satisfied,Somewhat satisfied,NULL,NULL,Claudine Simha(101.1 Reading/Discussion),Very good,Very good,I somewhat agree,I strongly agree,I strongly agree,I strongly agree,I strongly agree,Somewhat satisfied,Somewhat satisfied,NULL,NULL,Joan Stein (Academic Vocabulary),Very good,Very good,I strongly agree,I strongly agree,I strongly agree,I strongly agree,I strongly agree,Very satisfied,Very satisfied,NULL,NULL,NULL,NULL,NULL,NULL,NULL,NULL,NULL,NULL,NULL,NULL,NULL,NULL,C,C- not much,A- a lot,B- some,C- not much,A- a lot,A- a lot,B- somewhat satisfied,NULL,A- very satisfied,NULL,A- very satisfied,NULL,B- somewhat satisfied,NULL,B- somewhat satisfied,NULL,"at a UCLA dormitory (Rieber Hall, Saxon Suites, etc.)",NULL,B- somewhat good,NULL,Yes,NULL,AIEP_Summer_2017_B_Evaluations
0x01B64243A7C85C2A1B805F5057192E67AE3AF7435F9731C029D33254A72BB871A7ABA0BB0BC1501AEBB40EB245342CE792945976391BEE3E4362FAABCDE3C2AF8E,160024543,7/29/2017 10:52,7/31/2017 1:42,24.43.151.246,Julie Norminton(405 Reading/Writing),Very good,Very good,I strongly agree,I strongly agree,I strongly agree,I strongly agree,I strongly agree,Very satisfied,Very satisfied,NULL,NULL,Eleanor Comegys (405 Grammar Workshop),Very good,Very good,I strongly agree,I strongly agree,I strongly agree,I strongly agree,I strongly agree,Very satisfied,Very satisfied,NULL,NULL,Gene Kavenoki (Business English),Very good,Very good,I strongly agree,I strongly agree,I strongly agree,I strongly agree,I strongly agree,Very satisfied,Very satisfied,NULL,NULL,Gene Kavenoki(Current Events),Very good,Very good,I strongly agree,I strongly agree,I strongly agree,I strongly agree,I strongly agree,Very satisfied,Very satisfied,NULL,NULL,NULL,NULL,NULL,NULL,NULL,NULL,NULL,NULL,NULL,NULL,NULL,NULL,B,B- some,B- some,B- some,B- some,A- a lot,C- not much,B- somewhat satisfied,NULL,A- very satisfied,NULL,A- very satisfied,NULL,A- very satisfied,NULL,E- did not use,NULL,at Universal Student Housing apartments (USH),NULL,C- good,NULL,Yes,NULL,AIEP_Summer_2017_B_Evaluations
0x01BAE480283CDBE052FB9680F69E271CE7B19ECC5CBFB35DD0A7649AE8A43CED826582187489C8B8910A818EF060B9E67447F2D0B5DA39DEE5013E0EF7D7C6E66A,214431379,8/2/2018 10:51,8/2/2018 11:09,190.236.3.10,Bella Anikst (101.1 Grammar/Writing),Very good,Very good,I strongly agree,I strongly agree,I strongly agree,I strongly agree,I strongly agree,Very satisfied,Very satisfied,She is very organized.,"Less homework, it Is too much.",Darren Butts (101.1 Listening & Speaking),Very good,Very good,I strongly agree,I strongly agree,I strongly agree,I strongly agree,I strongly agree,Very satisfied,Very satisfied,He is very serious.,Nothing,I do not have a Monday/Wednesday elective,Very good,Very good,I strongly agree,I strongly agree,I strongly agree,I strongly agree,I strongly agree,Very satisfied,Very satisfied,She does not organization,She should not repeat the last classes.,I do not have a Tuesday/Thursday elective,NULL,NULL,NULL,NULL,NULL,NULL,NULL,NULL,NULL,NULL,NULL,NULL,NULL,NULL,NULL,NULL,NULL,NULL,NULL,NULL,NULL,NULL,NULL,B,B- some,B- some,B- some,B- some,B- some,B- some,B- somewhat satisfied,NULL,A- very satisfied,NULL,A- very satisfied,NULL,A- very satisfied,NULL,A- very satisfied,NULL,with a homestay family,NULL,A- very good,NULL,Yes,NULL,AIEP_Summer_2018_B_Evaluations
0x01D0CA0148CA83A001693A8960EA3EDD840DFBA3D4A83862071CFD70B1EBEA27C4BC660E86B1EE7E2FDA52F61A00A5908FC06BACDAE9FF753A78DDB3E3DD0013BB,214431379,7/30/2018 11:01,7/30/2018 11:04,131.179.58.123,Scott Gist (405 Reading/Writing),Very good,Very good,I strongly agree,I strongly agree,I strongly agree,I strongly agree,I strongly agree,Very satisfied,Very satisfied,NULL,NULL,Ben Goldberg(405 Grammar Workshop),Very good,Very good,I strongly agree,I strongly agree,I strongly agree,I strongly agree,I strongly agree,Very satisfied,Very satisfied,NULL,NULL,Darren Butts (Active Listening and Speaking),Very good,Very good,I strongly agree,I strongly agree,I strongly agree,I strongly agree,I strongly agree,Very satisfied,Very satisfied,NULL,NULL,Fawzia Mohamed (105 TOEFL),Somewhat good,Somewhat good,I somewhat agree,I somewhat disagree,I somewhat agree,I somewhat disagree,I somewhat disagree,Somewhat dissatisfied,Somewhat dissatisfied,NULL,NULL,NULL,NULL,NULL,NULL,NULL,NULL,NULL,NULL,NULL,NULL,NULL,NULL,B,A- a lot,B- some,B- some,B- some,B- some,B- some,A- very satisfied,NULL,A- very satisfied,NULL,A- very satisfied,NULL,E- did not use,NULL,E- did not use,NULL,with family/relatives,NULL,D- somewhat bad,NULL,Yes,NULL,AIEP_Summer_2018_B_Evaluations
0x01D52311EB7CCE254649FFC9FDEDA063E65A1C9699B1EA18B78432E626B8EBE96A8D4567F9DCAF7738AB9F9B41D23C5D3A024CC3E73E4379F8230C76AE2C8F94B5,214431379,7/27/2018 12:04,7/27/2018 19:44,131.179.58.116,Michael Daniels (103.2 Grammar/Writing),Very good,Very good,I strongly agree,I strongly agree,I strongly agree,I strongly agree,I strongly agree,Very satisfied,Very satisfied,NULL,NULL,Gene Kavenoki(103.2 Reading & Discussion),Very good,Very good,I strongly agree,I strongly agree,I strongly agree,I strongly agree,I strongly agree,Very satisfied,Very satisfied,NULL,NULL,I do not have a Monday/Wednesday elective,Very good,Somewhat good,I strongly agree,I strongly agree,I strongly agree,I strongly agree,I strongly agree,Very satisfied,Very satisfied,NULL,NULL,I do not have a Tuesday/Thursday elective,NULL,NULL,NULL,NULL,NULL,NULL,NULL,NULL,NULL,NULL,NULL,NULL,NULL,NULL,NULL,NULL,NULL,NULL,NULL,NULL,NULL,NULL,NULL,A,B- some,B- some,B- some,B- some,B- some,B- some,B- somewhat satisfied,NULL,B- somewhat satisfied,NULL,B- somewhat satisfied,NULL,B- somewhat satisfied,NULL,B- somewhat satisfied,NULL,"at a UCLA dormitory (Rieber Hall, Saxon Suites, etc.)",NULL,D- somewhat bad,NULL,Yes,NULL,AIEP_Summer_2018_B_Evaluations
0x016A1C9DB112C3AD982D3757891847DE65FF31879905E8CCDAD44942941541F874A0FB29214BB0009EC00427DEF5075D2C58140D193250F420B5395FC09322CBB3,214431379,7/26/2018 15:40,7/26/2018 15:44,172.58.16.197,Karen Muldoon-Hules(406 Reading/Writing),Very good,Very good,I strongly agree,I strongly agree,I strongly agree,I strongly agree,I strongly agree,Very satisfied,Very satisfied,NULL,NULL,Micheal Thomas(406 Grammar Workshop),Very good,Very good,I strongly agree,I strongly agree,I strongly agree,I strongly agree,I strongly agree,Very satisfied,Very satisfied,NULL,NULL,Gene Kavenoki (Business English),Very good,Very good,I strongly agree,I strongly agree,I strongly agree,I strongly agree,I strongly agree,Very satisfied,Very satisfied,NULL,NULL,Shelley Reece (American Pronunciation),Very good,Very good,I strongly agree,I strongly agree,I strongly agree,I strongly agree,I strongly agree,Very satisfied,Very satisfied,NULL,NULL,NULL,NULL,NULL,NULL,NULL,NULL,NULL,NULL,NULL,NULL,NULL,NULL,A,A- a lot,A- a lot,A- a lot,A- a lot,A- a lot,A- a lot,A- very satisfied,NULL,B- somewhat satisfied,NULL,A- very satisfied,NULL,A- very satisfied,NULL,E- did not use,NULL,"at a UCLA dormitory (Rieber Hall, Saxon Suites, etc.)",NULL,C- good,NULL,Yes,NULL,AIEP_Summer_2018_B_Evaluations
0x013F559EA0A8ACC51E572DDF58197491999072E1FB2720F256BF050A57C5B4914EF27A8AB2EFD58791B889AD909D3D2D69FAF08D2A17BCC3AF05539477CECE7529,160024543,8/3/2017 10:38,8/3/2017 11:07,131.179.58.57,David Chrisman(104.2 Grammar/Writing),Very good,Very good,I strongly agree,I strongly agree,I strongly agree,I strongly agree,I strongly agree,Somewhat satisfied,Very satisfied,Explaining lots of example! It makes me understand easier,NULL,Shelley Reece (104.2 Reading & Discussion),Very good,Very good,I somewhat agree,I strongly agree,I strongly agree,I strongly agree,I strongly agree,Somewhat satisfied,Very satisfied,Various words card that make us memorize easier,"We had own card and to explain other friends takes too long time. I want shelly's explanation more. It much help me understand cleary than friends explation. And their explanations are almost same in book. I dont want to waste time with them esp,her class is only 1 hours (sometimes 55min)!!! Except that, her class is perfect",Lana Koyadinovich (Active Listening and Speaking),Very good,Very good,I strongly agree,I strongly agree,I strongly agree,I strongly agree,I strongly agree,Somewhat satisfied,Very satisfied,"Trying to show many video ted etc. ","I hope to take long time to change pronounciation correctly. In my case, i hope to speak like native",Fawzia Mohamed(104 TOEFL),Very good,Very good,I strongly agree,I somewhat agree,I strongly agree,I strongly agree,I strongly agree,Somewhat satisfied,Very satisfied,To give a chance to experience toefl,Too fast i mean we did reading listening speaking section but im not sure i can do all if them,NULL,NULL,NULL,NULL,NULL,NULL,NULL,NULL,NULL,NULL,NULL,NULL,A,B- some,A- a lot,A- a lot,B- some,A- a lot,A- a lot,A- very satisfied,NULL,A- very satisfied,She is really helpful and kind. Also she make me fully appericate about information that i need,A- very satisfied,They always smile but little bit fast to understand that's why i asked her repeat again,A- very satisfied,NULL,A- very satisfied,NULL,with family/relatives,NULL,A- very good,NULL,Yes,NULL,AIEP_Summer_2017_B_Evaluations
0x01D48A77DFD31A6EA225BEF0C00F202CD7C6ABFAAD438856F3BA6F259DB3E62C98F91AC9D2CD16BC1C6C5DFFBD15D89D68A255AD5D12E2783AD28CD84A939120FF,160024543,8/2/2017 14:29,8/2/2017 14:33,128.97.109.22,Eleanor Comegys(406 Reading/Writing),Very good,Very good,I strongly agree,I strongly agree,I strongly agree,I strongly agree,I strongly agree,Very satisfied,Very satisfied,NULL,NULL,Micheal Thomas(406 Grammar Workshop),Very good,Very good,I strongly agree,I strongly agree,I strongly agree,I strongly agree,I strongly agree,Very satisfied,Very satisfied,NULL,NULL,I have the same class everyday (TOEFL of IELTS),NULL,NULL,NULL,NULL,NULL,NULL,NULL,NULL,NULL,NULL,NULL,NULL,NULL,NULL,NULL,NULL,NULL,NULL,NULL,NULL,NULL,NULL,NULL,Leigh Hall (105 TOEFL),Very good,Very good,I strongly agree,I strongly agree,I strongly agree,I strongly agree,I strongly agree,Very satisfied,Very satisfied,NULL,NULL,A,A- a lot,A- a lot,B- some,B- some,B- some,A- a lot,A- very satisfied,NULL,A- very satisfied,NULL,A- very satisfied,NULL,A- very satisfied,NULL,E- did not use,NULL,other rented residence,NULL,C- good,NULL,Yes,NULL,AIEP_Summer_2017_B_Evaluations
0x0150BA250593EC81070C86F12B0B1FAEE3AB8851779F793F2BF35B85FE6B0F96A5DC13CADF90F2C57B0DC5F2205219AE8C0001DCB31E4F37BE874A7AF2D835328F,160024543,8/2/2017 12:09,8/2/2017 12:21,131.179.58.20,Lana Koyadinovich(103.2 Grammar/Writing),Somewhat good,Somewhat good,I strongly agree,I strongly agree,I strongly agree,I strongly agree,I strongly agree,Very satisfied,Very satisfied,NULL,NULL,Gene Kavenoki(103.2 Reading & Discussion),Somewhat good,Somewhat good,I strongly agree,I strongly agree,I strongly agree,I strongly agree,I somewhat agree,Very satisfied,Very satisfied,NULL,NULL,Michael Daniels(103.2 Listening & Speaking),Very good,Very good,I strongly agree,I strongly agree,I strongly agree,I strongly agree,I strongly agree,Very satisfied,Very satisfied,"If our opinion is wrong, he accept our opinion.",NULL,Gene Kavenoki(Current Events),Very good,Very good,I strongly agree,I strongly agree,I strongly agree,I strongly agree,I strongly agree,Very satisfied,Very satisfied,NULL,I don't have a elective class.,NULL,NULL,NULL,NULL,NULL,NULL,NULL,NULL,NULL,NULL,NULL,NULL,A,A- a lot,A- a lot,A- a lot,A- a lot,A- a lot,A- a lot,A- very satisfied,NULL,A- very satisfied,NULL,A- very satisfied,NULL,A- very satisfied,NULL,A- very satisfied,NULL,"at a UCLA dormitory (Rieber Hall, Saxon Suites, etc.)",NULL,B- somewhat good,NULL,Yes,NULL,AIEP_Summer_2017_B_Evaluations
0x0104702BE5BD9BFA3DF55E6523CB86EFD79412635573B7E225483F526A747C0F1DA80C511B79FDF931C80AB21C20D2BB6D3CE525E7F4F4D98EAB6BA729F2B06F21,160024543,8/2/2017 11:01,8/2/2017 12:19,107.77.231.55,Claudine Simha(102.1 Grammar/Writing),Very good,Very good,I strongly agree,I strongly agree,I somewhat agree,I strongly agree,I strongly agree,Very satisfied,Very satisfied,There are many practice.,NULL,David Chrisman(102.1 Listening & Speaking),Very good,Very good,I somewhat agree,I strongly agree,I somewhat agree,I somewhat agree,I strongly agree,Very satisfied,Somewhat satisfied,There are many active and effective practice.,NULL,Tom Wilde(102.1 Reading/Discussion),Very good,Very good,I somewhat agree,I strongly agree,I strongly agree,I strongly agree,I strongly agree,Very satisfied,Very satisfied,Teacher explain very courteously.,NULL,Gene Kavenoki(Current Events),NULL,NULL,NULL,NULL,NULL,NULL,NULL,NULL,NULL,NULL,NULL,NULL,NULL,NULL,NULL,NULL,NULL,NULL,NULL,NULL,NULL,NULL,NULL,A,B- some,B- some,B- some,B- some,B- some,B- some,B- somewhat satisfied,NULL,B- somewhat satisfied,NULL,B- somewhat satisfied,NULL,B- somewhat satisfied,NULL,E- did not use,NULL,"at a UCLA dormitory (Rieber Hall, Saxon Suites, etc.)",NULL,C- good,NULL,Yes,NULL,AIEP_Summer_2017_B_Evaluations
0x017F2F1DCB832A79F74F1D35F07B1403AE4EBD8A7BA68A77EB947360C187F3E474431286D84CB7ED77B54015C813FE4BD8BF028EFE2499F9DCD4B4B963D92508F7,160024543,8/2/2017 10:53,8/2/2017 10:57,131.179.60.151,Shelley Reece(104.1 Grammar/Writing),Very good,Very good,I strongly agree,I strongly agree,I strongly agree,I strongly agree,I strongly agree,Very satisfied,Very satisfied,NULL,NULL,Lana Koyadinovich(104.1 Reading & Discussion),Very good,Somewhat good,I strongly agree,I somewhat agree,I somewhat agree,I strongly agree,I strongly agree,Very satisfied,Very satisfied,NULL,NULL,Scott Gist(English ThroughMovies),Very good,Very good,I strongly agree,I strongly agree,I strongly agree,I strongly agree,I strongly agree,Very satisfied,Very satisfied,NULL,NULL,Fawzia Mohamed(104 TOEFL),Very good,Very good,I strongly agree,I strongly agree,I strongly agree,I strongly agree,I strongly agree,Very satisfied,Very satisfied,NULL,NULL,NULL,NULL,NULL,NULL,NULL,NULL,NULL,NULL,NULL,NULL,NULL,NULL,B,A- a lot,B- some,A- a lot,A- a lot,A- a lot,A- a lot,A- very satisfied,NULL,B- somewhat satisfied,NULL,B- somewhat satisfied,NULL,A- very satisfied,NULL,A- very satisfied,NULL,"at a UCLA dormitory (Rieber Hall, Saxon Suites, etc.)",NULL,A- very good,NULL,Yes,NULL,AIEP_Summer_2017_B_Evaluations
0x011049776F91695AAC5A2AF675EA1FA2171BE97FFFDE8212BE1CCCDBA6DB4CC623F09818FF611E97BDA8EB87FBAC4EFCA09FDB80D7B732E1C9AB3BEDC8ABD01A8D,160024543,8/2/2017 10:29,8/2/2017 10:36,172.58.21.26,Lana Koyadinovich(103.2 Grammar/Writing),Very good,Very good,I strongly agree,I strongly agree,I strongly agree,I strongly agree,I somewhat agree,Somewhat satisfied,Very satisfied,NULL,NULL,Kyle Duncan(407 Grammar Workshop),Very good,Very good,I strongly agree,I strongly agree,I strongly agree,I strongly agree,I strongly agree,Very satisfied,Very satisfied,NULL,NULL,Michael Daniels(103.2 Listening & Speaking),Very good,Very good,I strongly agree,I strongly agree,I strongly agree,I strongly agree,I strongly agree,Very satisfied,Very satisfied,NULL,NULL,Gene Kavenoki(Current Events),Very good,Very good,I strongly agree,I strongly agree,I strongly agree,I strongly agree,I strongly agree,Very satisfied,Very satisfied,NULL,NULL,NULL,NULL,NULL,NULL,NULL,NULL,NULL,NULL,NULL,NULL,NULL,NULL,B,A- a lot,B- some,A- a lot,B- some,B- some,B- some,B- somewhat satisfied,NULL,A- very satisfied,NULL,A- very satisfied,NULL,B- somewhat satisfied,NULL,A- very satisfied,NULL,"at a UCLA dormitory (Rieber Hall, Saxon Suites, etc.)",NULL,B- somewhat good,NULL,Yes,NULL,AIEP_Summer_2017_B_Evaluations
0x0187553C51B468211D19204C05FE70C9455825A655F1334002888CE3D0A36FA2B6C7A9A3BDAA4BD3D644460AA1D2D4403AEB30BED0AFB88EE0BF70A0E7E9EE8AE8,160024543,8/2/2017 10:15,8/2/2017 10:23,131.179.60.204,Joan Stein(103.1 Grammar/Writing),Very good,Very good,I strongly agree,I somewhat agree,I strongly agree,I strongly disagree,I strongly agree,Very satisfied,Very satisfied,NULL,NULL,Michael Daniels(103.1 Reading & Discussion),Somewhat good,Somewhat good,I somewhat agree,I somewhat agree,I somewhat agree,I somewhat agree,I somewhat agree,Very dissatisfied,Somewhat satisfied,NULL,NULL,Ben Goldberg(103.1 Listening & Speaking),Very good,Very good,I strongly agree,I strongly agree,I strongly agree,I strongly agree,I strongly agree,Very satisfied,Very satisfied,NULL,NULL,Joan Stein (Academic Vocabulary),Very good,Very good,I strongly agree,I strongly agree,I strongly agree,I strongly agree,I strongly agree,Very satisfied,Very satisfied,NULL,NULL,NULL,NULL,NULL,NULL,NULL,NULL,NULL,NULL,NULL,NULL,NULL,NULL,B,B- some,B- some,B- some,B- some,B- some,B- some,B- somewhat satisfied,NULL,B- somewhat satisfied,NULL,B- somewhat satisfied,NULL,B- somewhat satisfied,NULL,B- somewhat satisfied,NULL,"at a UCLA dormitory (Rieber Hall, Saxon Suites, etc.)",NULL,B- somewhat good,NULL,Yes,NULL,AIEP_Summer_2017_B_Evaluations
0x013044D9BD15AAA18C7B8F6A932E2D5400A62BBFB7B6E1D4B8BE845184E845243DAE07D4F353DF00C9778B33D0629FED5C85625CFB1688DC4D97B8444E174035FE,160024543,8/1/2017 12:38,8/1/2017 12:45,201.130.60.47,Shelley Reece(104.1 Grammar/Writing),Very good,Very good,I strongly agree,I somewhat agree,I strongly agree,I somewhat agree,I strongly agree,Somewhat satisfied,Very satisfied,NULL,NULL,Lana Koyadinovich(104.1 Reading & Discussion),Somewhat good,Somewhat good,I somewhat agree,I strongly agree,I somewhat agree,I somewhat agree,I somewhat agree,Very satisfied,Very satisfied,NULL,NULL,Lana Koyadinovich (Active Listening and Speaking),Somewhat good,Somewhat good,I somewhat agree,I somewhat agree,I somewhat agree,I somewhat agree,I somewhat agree,Somewhat satisfied,Somewhat satisfied,NULL,NULL,Fawzia Mohamed(104 TOEFL),Very good,Very good,I strongly agree,I strongly agree,I strongly agree,I strongly agree,I strongly agree,Very satisfied,Very satisfied,NULL,NULL,NULL,NULL,NULL,NULL,NULL,NULL,NULL,NULL,NULL,NULL,NULL,NULL,A,A- a lot,B- some,A- a lot,B- some,B- some,A- a lot,B- somewhat satisfied,NULL,E- did not use,NULL,A- very satisfied,NULL,E- did not use,NULL,E- did not use,NULL,other rented residence,NULL,D- somewhat bad,NULL,Yes,NULL,AIEP_Summer_2017_B_Evaluations
0x01DFE534A1B030797F337F544468E3F509FF0E20AF57CDC3B14CEAA8408131F2550FD64EC478CC1F3D1D90DEFBC3B2EFCD719D8C60C6EBB9A576F87AB2FBA72A16,160024543,7/28/2017 12:02,7/28/2017 14:14,131.179.28.185,Micheal Thomas(407 Reading/Writing),Very good,Somewhat good,I somewhat agree,I strongly agree,I strongly agree,I strongly agree,I strongly agree,N/A (We did not use a textbook in this class),Very satisfied,It enables me to get deep understanding of reading assignments.,Some homeworks were not reviewed.  Maybe its amount is a little bit too much.,Kyle Duncan(407 Grammar Workshop),Very good,Very good,I strongly agree,I strongly agree,I somewhat agree,I somewhat agree,I strongly agree,Somewhat satisfied,Somewhat satisfied,NULL,NULL,Gene Kavenoki (Business English),Very good,Somewhat good,I strongly agree,I strongly agree,I strongly agree,I strongly agree,I strongly agree,Very satisfied,Very satisfied,NULL,NULL,Gene Kavenoki(Current Events),Very good,Very good,I strongly agree,I strongly agree,I strongly agree,I strongly agree,I strongly agree,N/A (We did not use a text book in this class),Somewhat satisfied,NULL,NULL,NULL,NULL,NULL,NULL,NULL,NULL,NULL,NULL,NULL,NULL,NULL,NULL,A,A- a lot,B- some,B- some,B- some,A- a lot,B- some,A- very satisfied,Quick and Supportive service did Judy give me.,B- somewhat satisfied,NULL,B- somewhat satisfied,NULL,A- very satisfied,NULL,E- did not use,NULL,other rented residence,NULL,D- somewhat bad,Expensive though not so gorgeous,Yes,NULL,AIEP_Summer_2017_B_Evaluations
0x01CDE78FEB7BB7D531E2C5C7D287B5EC0F006FD6DC2CA4474FFF46FA13678B8DFF9207E2C9ED17DC070623A1123FFD0E3B960B2D40109A3469DB084D41E74A1F1E,214431379,8/1/2018 15:11,8/2/2018 12:41,131.179.60.242,Michael Daniels (103.2 Grammar/Writing),Very good,Very good,I strongly agree,I strongly agree,I strongly agree,I strongly agree,I strongly agree,Somewhat satisfied,Very satisfied,NULL,NULL,Gene Kavenoki(103.2 Reading & Discussion),Somewhat good,Very good,I strongly agree,I strongly agree,I somewhat agree,I somewhat agree,I strongly agree,Very satisfied,Very satisfied,NULL,NULL,I do not have a Monday/Wednesday elective,Very good,Very good,I strongly agree,I strongly agree,I strongly agree,I strongly agree,I strongly agree,Very satisfied,Very satisfied,NULL,NULL,I do not have a Tuesday/Thursday elective,NULL,NULL,NULL,NULL,NULL,NULL,NULL,NULL,NULL,NULL,NULL,NULL,NULL,NULL,NULL,NULL,NULL,NULL,NULL,NULL,NULL,NULL,NULL,A,A- a lot,B- some,B- some,A- a lot,B- some,A- a lot,A- very satisfied,NULL,B- somewhat satisfied,NULL,A- very satisfied,NULL,A- very satisfied,NULL,E- did not use,NULL,with a homestay family,NULL,A- very good,NULL,Yes,NULL,AIEP_Summer_2018_B_Evaluations
0x01BAFB7DFA9ED9C93ADC764C996336C8F19F8A7003481D6149EEC1D5703C1F3DEB68C458A1C5A0B2407F665E1099791799E1C68E44E312DA996ABD189EB5175279,214431379,7/27/2018 14:04,7/27/2018 14:26,104.175.41.88,Michael Daniels (103.2 Grammar/Writing),Very good,Very good,I strongly agree,I strongly agree,I strongly agree,I strongly agree,I strongly agree,Very satisfied,Very satisfied,"He never give up, Thank you. ","_TME_ we need more time. ",Gene Kavenoki(103.2 Reading & Discussion),Somewhat bad,Somewhat bad,I somewhat disagree,I somewhat disagree,I somewhat agree,I somewhat agree,I somewhat disagree,Very satisfied,Very satisfied,"I have No idea. ",NULL,I have the same class everyday,NULL,NULL,NULL,NULL,NULL,NULL,NULL,NULL,NULL,NULL,NULL,NULL,NULL,NULL,NULL,NULL,NULL,NULL,NULL,NULL,NULL,NULL,NULL,Tom Wilde (103.2Listening/Speaking),Very good,Very good,I strongly agree,I strongly agree,I strongly agree,I strongly agree,I strongly agree,Very satisfied,Very satisfied,"He always had new idea. ",NULL,B,A- a lot,A- a lot,A- a lot,C- not much,A- a lot,A- a lot,A- very satisfied,NULL,E- did not use,NULL,E- did not use,NULL,A- very satisfied,NULL,E- did not use,NULL,other rented residence,NULL,A- very good,NULL,Yes,NULL,AIEP_Summer_2018_B_Evaluations
0x010A345DB6739A95F93BD088232A155B606035F5A2B443B6D321D60653DE5D58E7A39EB8964EA59BD07FA5FB9B1F62020F85FCF8C09560A02F6C605192D82E41F7,214431379,7/27/2018 8:38,7/27/2018 8:54,172.58.19.138,Michael Daniels (103.2 Grammar/Writing),Somewhat good,Somewhat good,I somewhat agree,I somewhat agree,I somewhat disagree,I somewhat disagree,I somewhat agree,Very satisfied,Very satisfied,NULL,NULL,Gene Kavenoki(103.2 Reading & Discussion),Somewhat bad,Somewhat bad,I strongly agree,I strongly disagree,I somewhat disagree,I strongly disagree,I strongly disagree,Very satisfied,Somewhat satisfied,NULL,NULL,I do not have a Monday/Wednesday elective,Very good,Very good,I strongly agree,I strongly agree,I strongly agree,I strongly agree,I strongly agree,Very satisfied,Very satisfied,NULL,NULL,I do not have a Tuesday/Thursday elective,NULL,NULL,NULL,NULL,NULL,NULL,NULL,NULL,NULL,NULL,NULL,NULL,NULL,NULL,NULL,NULL,NULL,NULL,NULL,NULL,NULL,NULL,NULL,B,A- a lot,A- a lot,A- a lot,A- a lot,A- a lot,A- a lot,B- somewhat satisfied,NULL,E- did not use,NULL,A- very satisfied,NULL,A- very satisfied,NULL,A- very satisfied,NULL,Oakwood Apartments,NULL,B- somewhat good,NULL,Yes,NULL,AIEP_Summer_2018_B_Evaluations
0x015ADD7B64E20FE646917D4C762927FD9216E8D8E5A56C862F928AF1E264DD6B1B8F1B1564AA80EC66F6F411D9208A92E5980C93BBAC2B6669C2D3C8446892FC70,160024543,8/2/2017 20:27,8/2/2017 20:30,4.7.97.186,Micheal Thomas(407 Reading/Writing),Somewhat good,Somewhat good,I strongly agree,I somewhat disagree,I strongly agree,I strongly agree,I strongly agree,N/A (We did not use a textbook in this class),Somewhat satisfied,NULL,NULL,Kyle Duncan(407 Grammar Workshop),Very good,Very good,I strongly agree,I strongly agree,I strongly agree,I strongly agree,I strongly agree,Very satisfied,Very satisfied,NULL,NULL,I have the same class everyday (TOEFL of IELTS),NULL,NULL,NULL,NULL,NULL,NULL,NULL,NULL,NULL,NULL,NULL,NULL,NULL,NULL,NULL,NULL,NULL,NULL,NULL,NULL,NULL,NULL,NULL,Julie Norminton (105 IELTS),Very good,Very good,I strongly agree,I somewhat agree,I strongly agree,I strongly agree,I somewhat agree,Somewhat satisfied,Very satisfied,NULL,NULL,B,A- a lot,B- some,B- some,A- a lot,C- not much,B- some,E- did not use,NULL,E- did not use,NULL,E- did not use,NULL,E- did not use,NULL,E- did not use,NULL,"at a UCLA dormitory (Rieber Hall, Saxon Suites, etc.)",NULL,C- good,NULL,Yes,NULL,AIEP_Summer_2017_B_Evaluations
0x0190B6B749E4D80708D08B38A294B4D53041D89E9E339B9716E65C0B1AD62AAEC99EDC64411BD294AFBFD9801241F40781A17AE23FBCE047A646BDB37CE92BC185,160024543,8/2/2017 14:04,8/3/2017 12:20,131.179.60.204,Bella Anikst (101.1 Grammar/Writing),Very good,Very good,I strongly agree,I strongly agree,I strongly agree,I strongly agree,I strongly agree,Very satisfied,Very satisfied,"Yes,I like Bella.She spent a lot of time teaching us.She is great .",NULL,Scott Gist(101.1 Listening & Speaking),Very good,Very good,I strongly agree,I strongly agree,I strongly agree,I strongly agree,I strongly agree,Very satisfied,Very satisfied,"He is friendly ",NULL,Claudine Simha(101.1 Reading/Discussion),Very good,Very good,I strongly agree,I strongly agree,I strongly agree,I strongly agree,I strongly agree,Very satisfied,Very satisfied,"She so cute ",NULL,Gene Kavenoki(Current Events),Very good,Very good,I strongly agree,I strongly agree,I strongly agree,I strongly agree,I strongly agree,Very satisfied,Very satisfied,NULL,NULL,NULL,NULL,NULL,NULL,NULL,NULL,NULL,NULL,NULL,NULL,NULL,NULL,A,A- a lot,A- a lot,A- a lot,A- a lot,A- a lot,A- a lot,A- very satisfied,NULL,A- very satisfied,NULL,A- very satisfied,NULL,A- very satisfied,NULL,A- very satisfied,NULL,Hillside Residence Hall,NULL,A- very good,NULL,Yes,NULL,AIEP_Summer_2017_B_Evaluations
0x0115B8C26220A644576846554AD8AB3DA488B9C3E24CCB183A18F7A3971B9E30920095B02F26A5CAA21C47AB4D204A496CAE2975E04A916EE8D40AE807BF26FDAA,160024543,8/2/2017 11:27,8/2/2017 11:34,131.179.58.16,Claudine Simha(102.1 Grammar/Writing),Somewhat good,Somewhat good,I somewhat agree,I somewhat agree,I somewhat agree,I somewhat agree,I somewhat agree,Very dissatisfied,Somewhat satisfied,NULL,NULL,David Chrisman(102.1 Listening & Speaking),Somewhat good,Somewhat good,I somewhat agree,I somewhat agree,I somewhat agree,I somewhat agree,I somewhat agree,Very dissatisfied,Somewhat satisfied,NULL,NULL,Tom Wilde(102.1 Reading/Discussion),Somewhat good,Somewhat good,I somewhat agree,I somewhat agree,I somewhat agree,I somewhat agree,I somewhat agree,Very dissatisfied,Somewhat satisfied,NULL,NULL,Gene Kavenoki(Current Events),Somewhat good,Somewhat good,I somewhat agree,I somewhat agree,I somewhat agree,I somewhat agree,I somewhat agree,Somewhat dissatisfied,Somewhat satisfied,NULL,NULL,NULL,NULL,NULL,NULL,NULL,NULL,NULL,NULL,NULL,NULL,NULL,NULL,A,A- a lot,A- a lot,A- a lot,A- a lot,A- a lot,A- a lot,A- very satisfied,NULL,B- somewhat satisfied,NULL,B- somewhat satisfied,NULL,B- somewhat satisfied,NULL,B- somewhat satisfied,NULL,at Universal Student Housing apartments (USH),NULL,B- somewhat good,NULL,Yes,NULL,AIEP_Summer_2017_B_Evaluations
0x01C28B496A5F3A284B8BB6F081F9A066998A0E6E83C4D5ACE28CB9D5A8FACA6E71977B9F8BE980C0073845DC46A4C49D6D1670608DB355C5822C40BA9546D3C18D,160024543,8/2/2017 11:01,8/2/2017 12:21,131.179.58.56,Claudine Simha(102.1 Grammar/Writing),Somewhat bad,Somewhat good,I strongly agree,I somewhat agree,I somewhat agree,I somewhat agree,I strongly agree,Very satisfied,Very satisfied,"When I asked her questions, she answered anything kindly. ",NULL,David Chrisman(102.1 Listening & Speaking),Very good,Very good,I somewhat agree,I strongly agree,I strongly agree,I somewhat agree,I strongly agree,Very satisfied,Very satisfied,This class has good opportunity to improve my pronunciation.,NULL,Tom Wilde(102.1 Reading/Discussion),Very good,Very good,I somewhat agree,I strongly agree,I strongly agree,I strongly agree,I strongly agree,Very satisfied,Very satisfied,He gives me chance to participate many times. His explanation is easy to understand for me.,NULL,Gene Kavenoki(Current Events),NULL,NULL,NULL,NULL,NULL,NULL,NULL,NULL,NULL,I don't have elective class.,I don't have elective class.,NULL,NULL,NULL,NULL,NULL,NULL,NULL,NULL,NULL,NULL,NULL,NULL,A,A- a lot,B- some,A- a lot,A- a lot,B- some,A- a lot,A- very satisfied,NULL,A- very satisfied,NULL,A- very satisfied,NULL,A- very satisfied,NULL,A- very satisfied,NULL,"at a UCLA dormitory (Rieber Hall, Saxon Suites, etc.)",NULL,B- somewhat good,NULL,Yes,NULL,AIEP_Summer_2017_B_Evaluations
0x01CD81B388C46F0B46258E2395EF8C10C3E74A9EE0A0AC1DD3472F34196FED3E8005F13B4F37D5013054C0DDBE4557255EBE1F4444C77F661993CE43A19BD0A13D,160024543,8/2/2017 10:46,8/2/2017 10:52,131.179.58.66,Julie Norminton(405 Reading/Writing),Very good,Somewhat good,I strongly agree,I strongly agree,I strongly agree,I strongly agree,I somewhat agree,Very satisfied,Very satisfied,She is kind.,Nothing,Eleanor Comegys (405 Grammar Workshop),Very good,Somewhat good,I strongly agree,I strongly agree,I strongly agree,I strongly agree,I strongly agree,Very satisfied,Very satisfied,She is enthusiastic.,Nothing,Lana Koyadinovich (Active Listening and Speaking),Very good,Somewhat good,I strongly agree,I strongly agree,I strongly agree,I strongly agree,I strongly agree,Very satisfied,Very satisfied,She was  great.,Nothing,Joan Stein (Academic Vocabulary),Very good,Very good,I strongly agree,I strongly agree,I strongly agree,I strongly agree,I strongly agree,Very satisfied,Very satisfied,She was generous.,Nothing,NULL,NULL,NULL,NULL,NULL,NULL,NULL,NULL,NULL,NULL,NULL,NULL,A,A- a lot,A- a lot,B- some,B- some,B- some,C- not much,B- somewhat satisfied,NULL,E- did not use,NULL,E- did not use,NULL,E- did not use,NULL,E- did not use,NULL,"at a UCLA dormitory (Rieber Hall, Saxon Suites, etc.)",NULL,A- very good,NULL,Yes,NULL,AIEP_Summer_2017_B_Evaluations
0x01C8F4B791DC869C5B2A95E26A3AEBE73BB731A3ED7F93F3D10278FD87B3D9C2FBFC3F4E70C2CD8069F68FE19F0FE7A92AB2149E7CCD759DCEF4646BC0D0D0F40C,160024543,8/2/2017 10:28,8/2/2017 10:40,172.58.22.177,Lana Koyadinovich(103.2 Grammar/Writing),Very good,Very good,I strongly agree,I strongly agree,I strongly agree,I strongly agree,I strongly agree,Very satisfied,Very satisfied,The contents are sufficient.  You must learn a lot in class.,More game lol,Gene Kavenoki(103.2 Reading & Discussion),Very good,Very good,I strongly agree,I strongly agree,I strongly agree,I strongly agree,I strongly agree,Very satisfied,Very satisfied,Good. Teacher will guide you to think a lot.Not just tell you. You can remember a lot.,More game lol,Michael Daniels(103.2 Listening & Speaking),Very good,Very good,I strongly agree,I strongly agree,I strongly agree,I strongly agree,I strongly agree,Very satisfied,Very satisfied,"You can practice your pronunciation a lot.  And Michael is very nice.  ",More game lol,Gene Kavenoki(Current Events),Very good,Very good,I strongly agree,I strongly agree,I strongly agree,I strongly agree,I strongly agree,Very satisfied,Very satisfied,NULL,NULL,NULL,NULL,NULL,NULL,NULL,NULL,NULL,NULL,NULL,NULL,NULL,NULL,B,B- some,A- a lot,A- a lot,B- some,A- a lot,B- some,B- somewhat satisfied,NULL,A- very satisfied,NULL,A- very satisfied,NULL,A- very satisfied,NULL,A- very satisfied,NULL,Oakwood Apartments,NULL,A- very good,NULL,Yes,NULL,AIEP_Summer_2017_B_Evaluations
0x015FE74597F36662FACAC400CA0C57B4EB53E835FAD83C5388D88828F16CEB222DDF5AD3B732F705A66FF52BE77805D2C8C4E81717780D6BC077C1BE4938C7A2DF,160024543,8/2/2017 10:17,8/2/2017 11:01,107.77.230.90,Joan Stein(103.1 Grammar/Writing),Very good,Somewhat good,I strongly agree,I somewhat agree,I strongly agree,I strongly agree,I strongly agree,Very satisfied,Very satisfied,NULL,NULL,Michael Daniels(103.1 Reading & Discussion),Somewhat good,Somewhat good,I somewhat agree,I somewhat agree,I strongly agree,I strongly agree,I somewhat agree,Somewhat satisfied,Somewhat satisfied,"I could learn how I should memorize some vocabularies and how to use those words. ","I wanted to learn strategy of reading. ",Ben Goldberg(103.1 Listening & Speaking),Very good,Very good,I strongly agree,I strongly agree,I strongly agree,I strongly agree,I strongly agree,Very satisfied,Very satisfied,"The chance I can speak was enough during class. Impromptu speech was  very interesting because I had never do it. ","I have no idea. ",Joan Stein (Academic Vocabulary),Very good,Very good,I strongly agree,I strongly agree,I strongly agree,I strongly agree,I strongly agree,Very satisfied,Very satisfied,I didn't take an elective class.,I didn't take an elective classes.,NULL,NULL,NULL,NULL,NULL,NULL,NULL,NULL,NULL,NULL,NULL,NULL,NULL,NULL,NULL,NULL,NULL,NULL,NULL,NULL,NULL,NULL,NULL,NULL,NULL,NULL,NULL,NULL,NULL,NULL,NULL,NULL,NULL,NULL,NULL,AIEP_Summer_2017_B_Evaluations
0x0104486D9FF94CF6706F0ACD8EEF7A955EF3130BD66266B11B50CCD0B7E33877E15E0E7F16C601D1C71F82363A4F6E4F51895B33839F749730D7640ABA447E7A7A,160024543,7/31/2017 20:07,8/3/2017 21:37,45.49.189.158,Bella Anikst (101.1 Grammar/Writing),Very good,Somewhat good,I somewhat agree,I strongly agree,I somewhat agree,I strongly agree,I strongly agree,Somewhat satisfied,Somewhat satisfied,I think Bella is a very good teacher and very committed to the students. Always try to help the students. I think it should improve in listening more to the needs of the students. I am a teacher of prophecy and I see that he has talent to teach.,"I am totally disappointed with UCLA extension because I was not placed on a correct level. I have many deficiencies in grammar and very basic subjects, never miss class and always perform my assignments. But really I do not understand most of the topics discussed in class because I do not know the basics. I had to be my own teacher and I continued to fight alone.    I use traductor google",Scott Gist(101.1 Listening & Speaking),Somewhat good,Somewhat good,I somewhat agree,I somewhat agree,I somewhat agree,I somewhat agree,I somewhat agree,Somewhat satisfied,Somewhat satisfied,"I feel nervous every time I go to this class.    In class I would have liked to learn more.    I think he needs to listen to the needs of the students.    Thank  for helping me in the laboratory.  ","I would have liked to learn more.  ",Claudine Simha(101.1 Reading/Discussion),Somewhat good,Somewhat bad,I somewhat agree,I somewhat agree,I somewhat agree,I somewhat agree,I strongly agree,Somewhat satisfied,Somewhat satisfied,"vocabulary  dynamics   ",In class I would have liked to learn more.     She must attend to all students equally.   In seams the teacher sees that she does not want to be in the classroom.,Gene Kavenoki(Current Events),NULL,NULL,NULL,NULL,NULL,NULL,NULL,NULL,NULL,NULL,NULL,NULL,NULL,NULL,NULL,NULL,NULL,NULL,NULL,NULL,NULL,NULL,NULL,D,C- not much,C- not much,B- some,B- some,A- a lot,B- some,D- very unsatisfied,NULL,E- did not use,NULL,C- somewhat unsatisfied,"Very serious, they seem machines not human beings.",E- did not use,NULL,E- did not use,NULL,other rented residence,NULL,C- good,NULL,No,I was placed in a course where I did not correspond because I have many basic deficiencies and I believe that at this level is too much for me. They saw that I had so many deficiencies and did nothing for me.    I'm very disappointed,AIEP_Summer_2017_B_Evaluations
0x011A4E5095FD8926B09F5673EB2E4C06C26CDE4F2AF1D07FB895DC8F6FB5C88748613DD5951EB6D3EAB573F65195A72E6028132D39C72CC5CBA2077E77CDEE7C2D,214431379,8/2/2018 11:25,8/2/2018 11:31,12.167.63.210,Michael Daniels (103.2 Grammar/Writing),Somewhat good,Somewhat good,I somewhat agree,I somewhat agree,I strongly agree,I strongly agree,I somewhat agree,Very satisfied,Somewhat satisfied,NULL,NULL,Gene Kavenoki(103.2 Reading & Discussion),Somewhat good,Very good,I somewhat agree,I somewhat agree,I somewhat agree,I somewhat agree,I somewhat agree,Very satisfied,Somewhat satisfied,NULL,NULL,I have the same class everyday,NULL,NULL,NULL,NULL,NULL,NULL,NULL,NULL,NULL,NULL,NULL,NULL,NULL,NULL,NULL,NULL,NULL,NULL,NULL,NULL,NULL,NULL,NULL,Tom Wilde (103.2Listening/Speaking),Very good,Very good,I somewhat agree,I strongly agree,I strongly agree,I strongly agree,I strongly agree,Very satisfied,Very satisfied,NULL,NULL,A,C- not much,C- not much,B- some,B- some,B- some,B- some,A- very satisfied,NULL,B- somewhat satisfied,NULL,B- somewhat satisfied,NULL,B- somewhat satisfied,NULL,B- somewhat satisfied,NULL,"at a UCLA dormitory (Rieber Hall, Saxon Suites, etc.)",NULL,D- somewhat bad,NULL,Yes,NULL,AIEP_Summer_2018_B_Evaluations
0x0144758375F462911363640911EED835CA92B3843CB22FA23663C546D3D6D702C7E0310C01689BEACA281F802A5FE5806B689DD2C56353772EED0E6B77550B4536,214431379,7/30/2018 20:53,7/30/2018 21:25,107.77.230.143,Michael Daniels (103.2 Grammar/Writing),Very good,Somewhat good,I strongly agree,I strongly agree,I strongly agree,I strongly agree,I strongly agree,Somewhat satisfied,Very satisfied,"Michael likes listening our questions, so I felt comfortable to ask questions!",I couldn't come up with this answer.,Gene Kavenoki(103.2 Reading & Discussion),Very good,Somewhat good,I strongly agree,I somewhat disagree,I somewhat agree,I somewhat agree,I somewhat agree,Very satisfied,Very satisfied,"Gene likes giving us quizzes, and he sometimes ask us crazy questions.","I felt we almost checked homework's answers in this class, so we didn't enough time to discuss.",I have the same class everyday,NULL,NULL,NULL,NULL,NULL,NULL,NULL,NULL,NULL,NULL,NULL,NULL,NULL,NULL,NULL,NULL,NULL,NULL,NULL,NULL,NULL,NULL,NULL,Tom Wilde (103.2Listening/Speaking),Very good,Very good,I somewhat agree,I strongly agree,I strongly agree,I strongly agree,I strongly agree,Somewhat dissatisfied,Somewhat satisfied,"Tom always taught us with passion. He sometimes checked our pronunciation, so it was useful for me!","This class was fun, but sometimes got away from the topic.",B,B- some,B- some,B- some,B- some,A- a lot,A- a lot,E- did not use,NULL,E- did not use,NULL,A- very satisfied,NULL,B- somewhat satisfied,NULL,B- somewhat satisfied,NULL,"at a UCLA dormitory (Rieber Hall, Saxon Suites, etc.)",NULL,C- good,NULL,Yes,NULL,AIEP_Summer_2018_B_Evaluations
0x01B46F3C85AC810EC27637810886997933BA7F46B0B4561B9357E322B46574F95CF58DCCD0753D38A7CFF9C1751CA6CA837A91A96A04C841E258AF9E81EB7DBC15,214431379,7/27/2018 13:09,7/27/2018 13:10,169.232.67.18,NULL,NULL,NULL,NULL,NULL,NULL,NULL,NULL,NULL,NULL,NULL,NULL,NULL,NULL,NULL,NULL,NULL,NULL,NULL,NULL,NULL,NULL,NULL,NULL,NULL,NULL,NULL,NULL,NULL,NULL,NULL,NULL,NULL,NULL,NULL,NULL,NULL,NULL,NULL,NULL,NULL,NULL,NULL,NULL,NULL,NULL,NULL,NULL,NULL,NULL,NULL,NULL,NULL,NULL,NULL,NULL,NULL,NULL,NULL,NULL,NULL,NULL,NULL,NULL,NULL,NULL,NULL,NULL,NULL,NULL,NULL,NULL,NULL,NULL,NULL,NULL,NULL,NULL,NULL,NULL,NULL,NULL,NULL,AIEP_Summer_2018_B_Evaluations
0x013EAB88B1240242EF1321D32329869717F26750B5DB8925D900E37E17D11892AD95575538B243675A98DB8F9EC258BCDB4F877D3CC691F88EBC994B8026BC4717,214431379,7/26/2018 16:15,7/26/2018 16:20,172.91.89.77,Micheal Thomas(407 Reading/Writing),Very good,Very good,I strongly agree,I somewhat agree,I strongly agree,I strongly agree,I strongly agree,N/A (We did not use a textbook in this class),Very satisfied,NULL,NULL,Julie Norminton (407 Grammar Workshop),Very good,Very good,I strongly agree,I strongly agree,I strongly agree,I strongly agree,I strongly agree,Very satisfied,Very satisfied,NULL,NULL,Darren Butts (Active Listening and Speaking),Very good,Very good,I strongly agree,I strongly agree,I strongly agree,I strongly agree,I strongly agree,Somewhat satisfied,Somewhat satisfied,NULL,NULL,Joan Stein (Academic Vocabulary),Very good,Somewhat good,I strongly agree,I somewhat agree,I strongly agree,I strongly agree,I strongly agree,N/A (We did not use a text book in this class),Somewhat satisfied,NULL,NULL,NULL,NULL,NULL,NULL,NULL,NULL,NULL,NULL,NULL,NULL,NULL,NULL,B,B- some,A- a lot,B- some,B- some,B- some,B- some,E- did not use,NULL,E- did not use,NULL,B- somewhat satisfied,NULL,B- somewhat satisfied,NULL,E- did not use,NULL,with family/relatives,NULL,B- somewhat good,NULL,Yes,NULL,AIEP_Summer_2018_B_Evaluations
0x010B79155DD0D0A5A5C1EFCD67043E2118523CCFF8B551189ADF6559BFCEC56B60B774F6526F50F3AB402CA85950FDE5AC4F334FE5EEACE9DD2277051407DD6BB7,160024543,8/3/2017 14:13,8/3/2017 14:19,172.58.21.13,Micheal Thomas(407 Reading/Writing),Very good,Very good,I strongly agree,I strongly agree,I strongly agree,I strongly agree,I strongly agree,N/A (We did not use a textbook in this class),Very satisfied,NULL,NULL,Kyle Duncan(407 Grammar Workshop),Very good,Very good,I strongly agree,I strongly agree,I somewhat agree,I strongly agree,I strongly agree,Somewhat satisfied,Somewhat satisfied,NULL,NULL,Lana Koyadinovich (Active Listening and Speaking),Somewhat good,Somewhat good,I somewhat agree,I somewhat agree,I strongly agree,I strongly agree,I strongly agree,Somewhat satisfied,Somewhat satisfied,NULL,NULL,Gene Kavenoki(Current Events),Very good,Somewhat good,I somewhat agree,I strongly agree,I strongly agree,I strongly agree,I strongly agree,Very satisfied,Very satisfied,NULL,NULL,NULL,NULL,NULL,NULL,NULL,NULL,NULL,NULL,NULL,NULL,NULL,NULL,A,A- a lot,A- a lot,A- a lot,A- a lot,A- a lot,A- a lot,A- very satisfied,NULL,A- very satisfied,NULL,A- very satisfied,NULL,A- very satisfied,NULL,A- very satisfied,NULL,other rented residence,NULL,C- good,NULL,Yes,NULL,AIEP_Summer_2017_B_Evaluations
0x01798CFC133976C34D9384054ACEF401AD21A9C8C463CADC57E83E01024134B573CBC37C243409FD5FFF88E15BF0B7F8A4F983401DEEAFD5039A870D89A4C5B3D2,160024543,8/2/2017 17:56,8/2/2017 17:59,169.232.189.173,Julie Norminton(405 Reading/Writing),Very good,Very good,I strongly agree,I strongly agree,I strongly agree,I strongly agree,I strongly agree,Very satisfied,Very satisfied,NULL,NULL,Eleanor Comegys (405 Grammar Workshop),Very good,Very good,I strongly agree,I strongly agree,I strongly agree,I strongly agree,I strongly agree,Very satisfied,Very satisfied,NULL,NULL,Scott Gist(English ThroughMovies),Very good,Very good,I strongly agree,I strongly agree,I strongly agree,I strongly agree,I strongly agree,Very satisfied,Very satisfied,NULL,NULL,Fawzia Mohamed(104 TOEFL),Very good,Very good,I strongly agree,I strongly agree,I strongly agree,I strongly agree,I strongly agree,Very satisfied,Very satisfied,NULL,NULL,NULL,NULL,NULL,NULL,NULL,NULL,NULL,NULL,NULL,NULL,NULL,NULL,A,A- a lot,B- some,B- some,B- some,B- some,A- a lot,A- very satisfied,NULL,E- did not use,NULL,A- very satisfied,NULL,A- very satisfied,NULL,E- did not use,NULL,"at a UCLA dormitory (Rieber Hall, Saxon Suites, etc.)",NULL,A- very good,NULL,Yes,NULL,AIEP_Summer_2017_B_Evaluations
0x016705CCAF6CB059122648350BBBC002B8C22AB1B5DCB5AA01EC974CBC3A1EB4841E1B3DD3B186DD39CBF2F8B2CE80C1B440B20D714737F151D3200DF4F5740CCD,160024543,8/2/2017 12:46,8/2/2017 12:48,131.179.60.173,Shelley Reece(104.1 Grammar/Writing),Very good,Very good,I strongly agree,I strongly agree,I strongly agree,I strongly agree,I strongly agree,Very satisfied,Very satisfied,NULL,NULL,Lana Koyadinovich(104.1 Reading & Discussion),Very good,Very good,I strongly agree,I strongly agree,I strongly agree,I strongly agree,I strongly agree,Very satisfied,Very satisfied,NULL,NULL,Lana Koyadinovich (Active Listening and Speaking),Very good,Very good,I strongly agree,I strongly agree,I strongly agree,I strongly agree,I strongly agree,Very satisfied,Very satisfied,NULL,NULL,Joan Stein (Academic Vocabulary),Very good,Very good,I strongly agree,I strongly agree,I strongly agree,I strongly agree,I strongly agree,Very satisfied,Very satisfied,NULL,NULL,NULL,NULL,NULL,NULL,NULL,NULL,NULL,NULL,NULL,NULL,NULL,NULL,A,A- a lot,A- a lot,A- a lot,A- a lot,A- a lot,A- a lot,A- very satisfied,NULL,A- very satisfied,NULL,A- very satisfied,NULL,A- very satisfied,NULL,A- very satisfied,NULL,Hillside Residence Hall,NULL,A- very good,NULL,Yes,NULL,AIEP_Summer_2017_B_Evaluations
0x011323E76A326B13A4F1C806A4E641A71F74DE40F106C9145632A18DA1A0374C9FFB5CD5A0F056F11665F3E026FA4BB520E238DB90EC76BF127ADC0BE50ADA717B,160024543,8/2/2017 11:03,8/2/2017 11:09,131.179.60.242,David Chrisman(104.2 Grammar/Writing),Somewhat good,Somewhat good,I strongly agree,I strongly agree,I strongly agree,I strongly agree,I strongly agree,Very satisfied,Very satisfied,He always give a chance to participate in class,NULL,Shelley Reece (104.2 Reading & Discussion),Very good,Very good,I somewhat agree,I strongly agree,I strongly agree,I somewhat agree,I strongly agree,Very satisfied,Very satisfied,She's always willing to ask my question.,NULL,Scott Gist(English ThroughMovies),Very good,Very good,I strongly agree,I strongly agree,I strongly agree,I strongly agree,I somewhat agree,Very satisfied,Very satisfied,NULL,NULL,Fawzia Mohamed(104 TOEFL),Very good,Somewhat good,I somewhat agree,I somewhat agree,I strongly agree,I strongly agree,I somewhat agree,Somewhat satisfied,Very satisfied,NULL,NULL,NULL,NULL,NULL,NULL,NULL,NULL,NULL,NULL,NULL,NULL,NULL,NULL,A,B- some,A- a lot,B- some,A- a lot,C- not much,C- not much,A- very satisfied,NULL,B- somewhat satisfied,NULL,B- somewhat satisfied,NULL,A- very satisfied,NULL,B- somewhat satisfied,NULL,"at a UCLA dormitory (Rieber Hall, Saxon Suites, etc.)",NULL,A- very good,NULL,Yes,NULL,AIEP_Summer_2017_B_Evaluations
0x01F0230DCB253453ED288A3486BE9F9462F5922709408C8A91AD0DE5CD265E21188035A3E721C8CB9EDD8E981BF9136B151DBB159F770BF90CBA22A1270413882F,160024543,8/2/2017 10:57,8/2/2017 11:01,131.179.58.132,Shelley Reece(104.1 Grammar/Writing),Very good,Very good,I strongly agree,I strongly agree,I strongly agree,I strongly agree,I strongly agree,Very satisfied,Very satisfied,NULL,NULL,Lana Koyadinovich(104.1 Reading & Discussion),Very good,Very good,I strongly agree,I strongly agree,I strongly agree,I strongly agree,I strongly agree,Very satisfied,Very satisfied,NULL,NULL,Scott Gist(English ThroughMovies),Very good,Very good,I strongly agree,I strongly agree,I strongly agree,I strongly agree,I strongly agree,Very satisfied,Very satisfied,NULL,NULL,Joan Stein (Academic Vocabulary),Very good,Very good,I strongly agree,I strongly agree,I strongly agree,I strongly agree,I strongly agree,Very satisfied,Very satisfied,NULL,NULL,NULL,NULL,NULL,NULL,NULL,NULL,NULL,NULL,NULL,NULL,NULL,NULL,A,A- a lot,A- a lot,A- a lot,A- a lot,A- a lot,A- a lot,E- did not use,NULL,E- did not use,NULL,A- very satisfied,NULL,E- did not use,NULL,E- did not use,NULL,"at a UCLA dormitory (Rieber Hall, Saxon Suites, etc.)",NULL,D- somewhat bad,NULL,Yes,NULL,AIEP_Summer_2017_B_Evaluations
0x01B30031AB3A878B4A0B134070F89C37FB91996C2295EAB842493FB2CD94F3D919E718418BCB1327BCBB49A56BE9D15E06BEC2D949590A507089C3D509E4D22BE9,160024543,8/2/2017 10:36,8/2/2017 10:49,131.179.58.33,David Chrisman(104.2 Grammar/Writing),Very good,Somewhat good,I strongly agree,I somewhat agree,I strongly agree,I strongly agree,I somewhat agree,Somewhat satisfied,Very satisfied,Class was interesting and I could experience different-style lecture compared to Korea,Just do it like this,Shelley Reece (104.2 Reading & Discussion),Somewhat good,Very good,I strongly agree,I strongly agree,I strongly agree,I strongly agree,I strongly agree,Somewhat satisfied,Very satisfied,One hour might be little short to learn every reading skills,I hope to choose little bit shorter books next time...,Scott Gist(English ThroughMovies),Very good,Somewhat good,I strongly agree,I somewhat agree,I strongly agree,I strongly agree,I strongly agree,N/A (We did not use a textbook in this class),Very satisfied,Not too hard class and could get new  ocabularies easily,some more words in the material would be better,Gene Kavenoki(Current Events),Very good,Somewhat good,I strongly agree,I strongly agree,I strongly agree,I strongly agree,I strongly agree,N/A (We did not use a text book in this class),Somewhat satisfied,Teacher was kind to saying GOO and talking activity was good,After all teacher's news and students' news was a little bit boring so little teacher news then student news after that little teacher news again would be better,NULL,NULL,NULL,NULL,NULL,NULL,NULL,NULL,NULL,NULL,NULL,NULL,B,B- some,B- some,B- some,B- some,A- a lot,B- some,B- somewhat satisfied,NULL,A- very satisfied,NULL,A- very satisfied,NULL,A- very satisfied,NULL,E- did not use,NULL,"at a UCLA dormitory (Rieber Hall, Saxon Suites, etc.)",NULL,B- somewhat good,NULL,Yes,NULL,AIEP_Summer_2017_B_Evaluations
0x01CE0072DA7099FD77BC2383E57BE38645CB2355902191D4F88D37A8C6515FDBE31597996988AA0287B8E47ED4D8A0B64D3FF2786E9EF46A835BCA3A90D113A6E8,160024543,8/2/2017 10:26,8/2/2017 10:39,131.179.58.43,Joan Stein(103.1 Grammar/Writing),Very good,Very good,I strongly agree,I strongly agree,I strongly agree,I strongly agree,I strongly agree,Very satisfied,Very satisfied,I like many exercises.,I think we don't have to change anything.,Michael Daniels(103.1 Reading & Discussion),Very good,Very good,I strongly agree,I strongly agree,I strongly agree,I strongly agree,I strongly agree,Very satisfied,Very satisfied,I like Kahoot.,I think we don't have to change anything.,Ben Goldberg(103.1 Listening & Speaking),Very good,Very good,I strongly agree,I strongly agree,I strongly agree,I strongly agree,I strongly agree,Very satisfied,Very satisfied,"I don't like, but it is useful to have an impromptu speech.",I think we don't have to change anything.,Joan Stein (Academic Vocabulary),Very good,Very good,I strongly agree,I strongly agree,I strongly agree,I strongly agree,I strongly agree,Very satisfied,Very satisfied,I don't know.,I don't know.,NULL,NULL,NULL,NULL,NULL,NULL,NULL,NULL,NULL,NULL,NULL,NULL,A,B- some,B- some,A- a lot,A- a lot,B- some,A- a lot,A- very satisfied,NULL,A- very satisfied,NULL,A- very satisfied,NULL,A- very satisfied,NULL,A- very satisfied,NULL,"at a UCLA dormitory (Rieber Hall, Saxon Suites, etc.)",NULL,A- very good,NULL,Yes,NULL,AIEP_Summer_2017_B_Evaluations
0x01EE6F7DD3524BDB64E1AF5A8DA805AAD4660472A06D7CC5DDB42DDDDB8FCF547E16FCCDE904610598FB2F0C82ABC1D5235328E8DCD5362DF71D04C2119E6F6E71,160024543,8/2/2017 8:55,8/2/2017 8:58,172.58.23.154,Eleanor Comegys(406 Reading/Writing),Very good,Very good,I strongly agree,I strongly agree,I strongly agree,I strongly agree,I strongly agree,Somewhat satisfied,Very satisfied,NULL,NULL,Micheal Thomas(406 Grammar Workshop),Somewhat good,Somewhat good,I somewhat agree,I somewhat agree,I somewhat agree,I somewhat agree,I strongly agree,Somewhat satisfied,Very satisfied,NULL,NULL,I have the same class everyday (TOEFL of IELTS),NULL,NULL,NULL,NULL,NULL,NULL,NULL,NULL,NULL,NULL,NULL,NULL,NULL,NULL,NULL,NULL,NULL,NULL,NULL,NULL,NULL,NULL,NULL,Julie Norminton (105 IELTS),Very good,Very good,I strongly agree,I strongly agree,I strongly agree,I strongly agree,I strongly agree,Very satisfied,Very satisfied,NULL,NULL,A,A- a lot,A- a lot,A- a lot,A- a lot,A- a lot,A- a lot,A- very satisfied,NULL,A- very satisfied,NULL,A- very satisfied,NULL,A- very satisfied,NULL,A- very satisfied,NULL,Oakwood Apartments,NULL,A- very good,NULL,Yes,NULL,AIEP_Summer_2017_B_Evaluations
0x013C867764649B23BB328DDEBA2C601A310ACA2CAF794F3745E0A9CB36D84B0A3DDE2728E1595946612D2616C781788C504F64652F9DABD367BF304ECC0A1F341B,160024543,7/28/2017 18:37,7/28/2017 18:43,149.142.226.149,Micheal Thomas(407 Reading/Writing),Very good,Very good,I strongly agree,I strongly agree,I strongly agree,I strongly agree,I strongly agree,N/A (We did not use a textbook in this class),Somewhat satisfied,He really cared about us,NULL,Kyle Duncan(407 Grammar Workshop),Somewhat good,Somewhat good,I somewhat agree,I somewhat agree,I somewhat agree,I somewhat agree,I strongly agree,Somewhat satisfied,Somewhat satisfied,NULL,NULL,I have the same class everyday (TOEFL of IELTS),NULL,NULL,NULL,NULL,NULL,NULL,NULL,NULL,NULL,NULL,NULL,NULL,NULL,NULL,NULL,NULL,NULL,NULL,NULL,NULL,NULL,NULL,NULL,Leigh Hall (105 TOEFL),Somewhat good,Somewhat good,I somewhat agree,I somewhat agree,I somewhat agree,I somewhat agree,I somewhat agree,Somewhat satisfied,Somewhat satisfied,NULL,Less interruptions during listenings and more practice in general,B,B- some,B- some,C- not much,C- not much,B- some,B- some,C- somewhat unsatisfied,NULL,B- somewhat satisfied,NULL,B- somewhat satisfied,NULL,E- did not use,NULL,E- did not use,NULL,"at a UCLA dormitory (Rieber Hall, Saxon Suites, etc.)",NULL,C- good,Too expensive for what you get,No,"I was just here for the toefl prep. course, but this one was the badest (less practice) and it's also difficult to make experiences because everything is far away and there are less trips with school (just in sept.)",AIEP_Summer_2017_B_Evaluations
0x01839A9D21CE16AA2ED231A7CEF7B787CFB4B911D18C34E98C3847CBDDB010E8B8894AF26F285991BB8CEC5DA92228CC9751D50770854B862C2D10695FF8C74938,214431379,8/2/2018 9:05,8/2/2018 9:12,169.232.70.63,Micheal Thomas(407 Reading/Writing),Somewhat good,Somewhat good,I somewhat agree,I strongly agree,I strongly agree,I somewhat agree,I strongly agree,N/A (We did not use a textbook in this class),Somewhat satisfied,NULL,NULL,Julie Norminton (407 Grammar Workshop),Very good,Somewhat good,I strongly agree,I somewhat agree,I strongly agree,I strongly agree,I strongly agree,Somewhat satisfied,Somewhat satisfied,NULL,NULL,Fawzia Mohamed(Public Speaking),Very good,Very good,I strongly agree,I strongly agree,I strongly agree,I somewhat agree,I strongly agree,N/A (We did not use a textbook in this class),Somewhat satisfied,NULL,NULL,Joan Stein (Academic Vocabulary),Very good,Somewhat good,I strongly agree,I strongly agree,I strongly agree,I strongly agree,I strongly agree,N/A (We did not use a text book in this class),Somewhat satisfied,NULL,NULL,NULL,NULL,NULL,NULL,NULL,NULL,NULL,NULL,NULL,NULL,NULL,NULL,NULL,NULL,NULL,NULL,NULL,NULL,NULL,NULL,NULL,NULL,NULL,NULL,NULL,NULL,NULL,NULL,NULL,NULL,NULL,NULL,NULL,NULL,NULL,AIEP_Summer_2018_B_Evaluations
0x014117C7B98D49CA58C5A7D8F545E8401D79F4FB538871ABC949AC125F74398975DD4BF6B66336D9104A631C7A3E65248A75D21EC8995881B7D88D3B18FA3D6E56,214431379,7/30/2018 10:11,7/30/2018 15:34,131.179.60.192,Shelly Reece(104.2 Grammar/Writing),Very good,Very good,I strongly agree,I strongly agree,I strongly agree,I strongly agree,I strongly agree,Somewhat satisfied,Very satisfied,"She told us dramatically, and it is good for me to remember something. It is impressive for me.",Please use more suseful vocabulary book. It is sometimes hard to understand.,Tom Wilde(104.2 Reading & Discussion),Very good,Very good,I strongly agree,I strongly agree,I strongly agree,I strongly agree,I strongly agree,Very satisfied,Very satisfied,"He know a lot of things beyond academic categories, and he told us about that. He always praise me and it encouraged me.",I need more time to discuss deeply.,Darren Butts (Active Listening and Speaking),Very good,Very good,I strongly agree,I strongly agree,I strongly agree,I strongly agree,I strongly agree,Somewhat satisfied,Somewhat satisfied,He usually use easy word so that I can understand easily.,"If I discuss more, I could improve my listening and speaking ability through the activity.",Shelley Reece (American Pronunciation),Very good,Very good,I strongly agree,I strongly agree,I strongly agree,I strongly agree,I strongly agree,Very satisfied,Very satisfied,I could know how I should pronounce different vowels. It is very important in talking because misunderstanding might occur because of the pronunciations.,I need time to practice more to correct vowel sounds instead of the T sounds.,NULL,NULL,NULL,NULL,NULL,NULL,NULL,NULL,NULL,NULL,NULL,NULL,A,B- some,C- not much,B- some,B- some,A- a lot,B- some,E- did not use,NULL,E- did not use,NULL,A- very satisfied,Mike helped me to apply the student tour.,A- very satisfied,NULL,B- somewhat satisfied,The driver was so interesting.,"at a UCLA dormitory (Rieber Hall, Saxon Suites, etc.)",NULL,B- somewhat good,NULL,Yes,"It is nice weather, and teachers are kind. Additionally, other students are good at English, so I can improve my English by be affected those people.",AIEP_Summer_2018_B_Evaluations
0x011B161D54B13AE3E1E5C5BECE9F6786B22C4503FEB12671E0AC117CB92BD4632622D00220384CBB858032832A9B8322E21321CCE1BA6C470EE9E04BD790DF139B,214431379,7/27/2018 10:25,7/27/2018 10:37,131.179.58.50,Shelly Reece(104.2 Grammar/Writing),Very good,Very good,I strongly agree,I strongly agree,I strongly agree,I strongly agree,I strongly agree,Very satisfied,Very satisfied,"Everything ","No, its great",Tom Wilde(104.2 Reading & Discussion),Very good,Very good,I strongly agree,I strongly agree,I strongly agree,I strongly agree,I strongly agree,Very satisfied,Very satisfied,Tom gives us many time to discuss some interesting issue and novel.,"No, its great!",Scott Gist(English ThroughMovies),Very good,Very good,I strongly agree,I strongly agree,I strongly agree,I strongly agree,I strongly agree,N/A (We did not use a textbook in this class),Very satisfied,"I like to watch movies, and teacher can explain many words I dont understand.",Less homework......,Joan Stein (Academic Vocabulary),Very good,Very good,I strongly agree,I strongly agree,I strongly agree,I strongly agree,I strongly agree,Very satisfied,Very satisfied,"She teaches me lots of academic vocabularies that I never understood before, and makes me remember these words with interesting ways.","No, its great",NULL,NULL,NULL,NULL,NULL,NULL,NULL,NULL,NULL,NULL,NULL,NULL,A,A- a lot,A- a lot,A- a lot,A- a lot,B- some,A- a lot,A- very satisfied,NULL,A- very satisfied,NULL,A- very satisfied,NULL,A- very satisfied,NULL,A- very satisfied,NULL,"at a UCLA dormitory (Rieber Hall, Saxon Suites, etc.)",NULL,B- somewhat good,NULL,Yes,NULL,AIEP_Summer_2018_B_Evaluations
0x0182FA770D9CBA88A004B240E42FFA7D833CBCF52F4D6ACF1F476E36DBC6D83503CD4263914D3B1DDB33390CD76B8D6E149AE8717B58DF9B979DD3DEF62F67AEEC,214431379,7/26/2018 15:24,7/26/2018 15:32,131.179.18.252,Julie Norminton(405 Reading/Writing),Somewhat good,Somewhat good,I somewhat agree,I somewhat agree,I strongly agree,I strongly agree,I somewhat agree,Very satisfied,Somewhat satisfied,NULL,"Too strict for the little things ",Joan Stein (405 Grammar Workshop),Somewhat good,Somewhat good,I somewhat disagree,I somewhat disagree,I somewhat disagree,I somewhat agree,I somewhat agree,Somewhat satisfied,Somewhat dissatisfied,NULL,"More oral practices, not always write down sentences on the board, explain more and more handout material to practice ",Karen Muldoon-Hules (GRE Prep),Very good,Very good,I strongly agree,I strongly agree,I somewhat agree,I strongly agree,I strongly agree,Very satisfied,Very satisfied,NULL,NULL,Gene Kavenoki(Current Events),Very good,Very good,I strongly agree,I strongly agree,I strongly agree,I strongly agree,I strongly agree,Very satisfied,Very satisfied,NULL,NULL,NULL,NULL,NULL,NULL,NULL,NULL,NULL,NULL,NULL,NULL,NULL,NULL,C,B- some,B- some,B- some,B- some,A- a lot,B- some,B- somewhat satisfied,NULL,B- somewhat satisfied,NULL,B- somewhat satisfied,NULL,A- very satisfied,NULL,A- very satisfied,NULL,other rented residence,NULL,B- somewhat good,NULL,Yes,NULL,AIEP_Summer_2018_B_Evaluations
